/home/thomas/Thomas/git-thomas/PythonOpencv/python/opencv/face_recognition/train/16.bmp;1
/home/thomas/Thomas/git-thomas/PythonOpencv/python/opencv/face_recognition/train/17.bmp;1
/home/thomas/Thomas/git-thomas/PythonOpencv/python/opencv/face_recognition/train/18.bmp;1
/home/thomas/Thomas/git-thomas/PythonOpencv/python/opencv/face_recognition/train/19.bmp;1
/home/thomas/Thomas/git-thomas/PythonOpencv/python/opencv/face_recognition/train/20.bmp;1
/home/thomas/Thomas/git-thomas/PythonOpencv/python/opencv/face_recognition/train/36.bmp;1
/home/thomas/Thomas/git-thomas/PythonOpencv/python/opencv/face_recognition/train/37.bmp;1
/home/thomas/Thomas/git-thomas/PythonOpencv/python/opencv/face_recognition/train/38.bmp;1
/home/thomas/Thomas/git-thomas/PythonOpencv/python/opencv/face_recognition/train/39.bmp;1
/home/thomas/Thomas/git-thomas/PythonOpencv/python/opencv/face_recognition/train/40.bmp;1
/home/thomas/Thomas/git-thomas/PythonOpencv/python/opencv/face_recognition/train/41.bmp;1
/home/thomas/Thomas/git-thomas/PythonOpencv/python/opencv/face_recognition/train/42.bmp;1
/home/thomas/Thomas/git-thomas/PythonOpencv/python/opencv/face_recognition/train/43.bmp;1
/home/thomas/Thomas/git-thomas/PythonOpencv/python/opencv/face_recognition/train/44.bmp;1
/home/thomas/Thomas/git-thomas/PythonOpencv/python/opencv/face_recognition/train/45.bmp;1
/home/thomas/Thomas/git-thomas/PythonOpencv/python/opencv/face_recognition/train/61.bmp;2
/home/thomas/Thomas/git-thomas/PythonOpencv/python/opencv/face_recognition/train/62.bmp;2
/home/thomas/Thomas/git-thomas/PythonOpencv/python/opencv/face_recognition/train/63.bmp;2
/home/thomas/Thomas/git-thomas/PythonOpencv/python/opencv/face_recognition/train/64.bmp;2
/home/thomas/Thomas/git-thomas/PythonOpencv/python/opencv/face_recognition/train/65.bmp;2
/home/thomas/Thomas/git-thomas/PythonOpencv/python/opencv/face_recognition/train/81.bmp;2
/home/thomas/Thomas/git-thomas/PythonOpencv/python/opencv/face_recognition/train/82.bmp;2
/home/thomas/Thomas/git-thomas/PythonOpencv/python/opencv/face_recognition/train/83.bmp;2
/home/thomas/Thomas/git-thomas/PythonOpencv/python/opencv/face_recognition/train/84.bmp;2
/home/thomas/Thomas/git-thomas/PythonOpencv/python/opencv/face_recognition/train/85.bmp;2
/home/thomas/Thomas/git-thomas/PythonOpencv/python/opencv/face_recognition/train/86.bmp;2
/home/thomas/Thomas/git-thomas/PythonOpencv/python/opencv/face_recognition/train/87.bmp;2
/home/thomas/Thomas/git-thomas/PythonOpencv/python/opencv/face_recognition/train/88.bmp;2
/home/thomas/Thomas/git-thomas/PythonOpencv/python/opencv/face_recognition/train/89.bmp;2
/home/thomas/Thomas/git-thomas/PythonOpencv/python/opencv/face_recognition/train/90.bmp;2
/home/thomas/Thomas/git-thomas/PythonOpencv/python/opencv/face_recognition/train/106.bmp;3
/home/thomas/Thomas/git-thomas/PythonOpencv/python/opencv/face_recognition/train/107.bmp;3
/home/thomas/Thomas/git-thomas/PythonOpencv/python/opencv/face_recognition/train/108.bmp;3
/home/thomas/Thomas/git-thomas/PythonOpencv/python/opencv/face_recognition/train/109.bmp;3
/home/thomas/Thomas/git-thomas/PythonOpencv/python/opencv/face_recognition/train/110.bmp;3
/home/thomas/Thomas/git-thomas/PythonOpencv/python/opencv/face_recognition/train/126.bmp;3
/home/thomas/Thomas/git-thomas/PythonOpencv/python/opencv/face_recognition/train/127.bmp;3
/home/thomas/Thomas/git-thomas/PythonOpencv/python/opencv/face_recognition/train/128.bmp;3
/home/thomas/Thomas/git-thomas/PythonOpencv/python/opencv/face_recognition/train/129.bmp;3
/home/thomas/Thomas/git-thomas/PythonOpencv/python/opencv/face_recognition/train/130.bmp;3
/home/thomas/Thomas/git-thomas/PythonOpencv/python/opencv/face_recognition/train/131.bmp;3
/home/thomas/Thomas/git-thomas/PythonOpencv/python/opencv/face_recognition/train/132.bmp;3
/home/thomas/Thomas/git-thomas/PythonOpencv/python/opencv/face_recognition/train/133.bmp;3
/home/thomas/Thomas/git-thomas/PythonOpencv/python/opencv/face_recognition/train/134.bmp;3
/home/thomas/Thomas/git-thomas/PythonOpencv/python/opencv/face_recognition/train/135.bmp;3
/home/thomas/Thomas/git-thomas/PythonOpencv/python/opencv/face_recognition/train/151.bmp;4
/home/thomas/Thomas/git-thomas/PythonOpencv/python/opencv/face_recognition/train/152.bmp;4
/home/thomas/Thomas/git-thomas/PythonOpencv/python/opencv/face_recognition/train/153.bmp;4
/home/thomas/Thomas/git-thomas/PythonOpencv/python/opencv/face_recognition/train/154.bmp;4
/home/thomas/Thomas/git-thomas/PythonOpencv/python/opencv/face_recognition/train/155.bmp;4
/home/thomas/Thomas/git-thomas/PythonOpencv/python/opencv/face_recognition/train/171.bmp;4
/home/thomas/Thomas/git-thomas/PythonOpencv/python/opencv/face_recognition/train/172.bmp;4
/home/thomas/Thomas/git-thomas/PythonOpencv/python/opencv/face_recognition/train/173.bmp;4
/home/thomas/Thomas/git-thomas/PythonOpencv/python/opencv/face_recognition/train/174.bmp;4
/home/thomas/Thomas/git-thomas/PythonOpencv/python/opencv/face_recognition/train/175.bmp;4
/home/thomas/Thomas/git-thomas/PythonOpencv/python/opencv/face_recognition/train/176.bmp;4
/home/thomas/Thomas/git-thomas/PythonOpencv/python/opencv/face_recognition/train/177.bmp;4
/home/thomas/Thomas/git-thomas/PythonOpencv/python/opencv/face_recognition/train/178.bmp;4
/home/thomas/Thomas/git-thomas/PythonOpencv/python/opencv/face_recognition/train/179.bmp;4
/home/thomas/Thomas/git-thomas/PythonOpencv/python/opencv/face_recognition/train/180.bmp;4
/home/thomas/Thomas/git-thomas/PythonOpencv/python/opencv/face_recognition/train/196.bmp;5
/home/thomas/Thomas/git-thomas/PythonOpencv/python/opencv/face_recognition/train/197.bmp;5
/home/thomas/Thomas/git-thomas/PythonOpencv/python/opencv/face_recognition/train/198.bmp;5
/home/thomas/Thomas/git-thomas/PythonOpencv/python/opencv/face_recognition/train/199.bmp;5
/home/thomas/Thomas/git-thomas/PythonOpencv/python/opencv/face_recognition/train/200.bmp;5
/home/thomas/Thomas/git-thomas/PythonOpencv/python/opencv/face_recognition/train/216.bmp;5
/home/thomas/Thomas/git-thomas/PythonOpencv/python/opencv/face_recognition/train/217.bmp;5
/home/thomas/Thomas/git-thomas/PythonOpencv/python/opencv/face_recognition/train/218.bmp;5
/home/thomas/Thomas/git-thomas/PythonOpencv/python/opencv/face_recognition/train/219.bmp;5
/home/thomas/Thomas/git-thomas/PythonOpencv/python/opencv/face_recognition/train/220.bmp;5
/home/thomas/Thomas/git-thomas/PythonOpencv/python/opencv/face_recognition/train/221.bmp;5
/home/thomas/Thomas/git-thomas/PythonOpencv/python/opencv/face_recognition/train/222.bmp;5
/home/thomas/Thomas/git-thomas/PythonOpencv/python/opencv/face_recognition/train/223.bmp;5
/home/thomas/Thomas/git-thomas/PythonOpencv/python/opencv/face_recognition/train/224.bmp;5
/home/thomas/Thomas/git-thomas/PythonOpencv/python/opencv/face_recognition/train/225.bmp;5
/home/thomas/Thomas/git-thomas/PythonOpencv/python/opencv/face_recognition/train/241.bmp;6
/home/thomas/Thomas/git-thomas/PythonOpencv/python/opencv/face_recognition/train/242.bmp;6
/home/thomas/Thomas/git-thomas/PythonOpencv/python/opencv/face_recognition/train/243.bmp;6
/home/thomas/Thomas/git-thomas/PythonOpencv/python/opencv/face_recognition/train/244.bmp;6
/home/thomas/Thomas/git-thomas/PythonOpencv/python/opencv/face_recognition/train/245.bmp;6
/home/thomas/Thomas/git-thomas/PythonOpencv/python/opencv/face_recognition/train/261.bmp;6
/home/thomas/Thomas/git-thomas/PythonOpencv/python/opencv/face_recognition/train/262.bmp;6
/home/thomas/Thomas/git-thomas/PythonOpencv/python/opencv/face_recognition/train/263.bmp;6
/home/thomas/Thomas/git-thomas/PythonOpencv/python/opencv/face_recognition/train/264.bmp;6
/home/thomas/Thomas/git-thomas/PythonOpencv/python/opencv/face_recognition/train/265.bmp;6
/home/thomas/Thomas/git-thomas/PythonOpencv/python/opencv/face_recognition/train/266.bmp;6
/home/thomas/Thomas/git-thomas/PythonOpencv/python/opencv/face_recognition/train/267.bmp;6
/home/thomas/Thomas/git-thomas/PythonOpencv/python/opencv/face_recognition/train/268.bmp;6
/home/thomas/Thomas/git-thomas/PythonOpencv/python/opencv/face_recognition/train/269.bmp;6
/home/thomas/Thomas/git-thomas/PythonOpencv/python/opencv/face_recognition/train/270.bmp;6
/home/thomas/Thomas/git-thomas/PythonOpencv/python/opencv/face_recognition/train/286.bmp;7
/home/thomas/Thomas/git-thomas/PythonOpencv/python/opencv/face_recognition/train/287.bmp;7
/home/thomas/Thomas/git-thomas/PythonOpencv/python/opencv/face_recognition/train/288.bmp;7
/home/thomas/Thomas/git-thomas/PythonOpencv/python/opencv/face_recognition/train/289.bmp;7
/home/thomas/Thomas/git-thomas/PythonOpencv/python/opencv/face_recognition/train/290.bmp;7
/home/thomas/Thomas/git-thomas/PythonOpencv/python/opencv/face_recognition/train/306.bmp;7
/home/thomas/Thomas/git-thomas/PythonOpencv/python/opencv/face_recognition/train/307.bmp;7
/home/thomas/Thomas/git-thomas/PythonOpencv/python/opencv/face_recognition/train/308.bmp;7
/home/thomas/Thomas/git-thomas/PythonOpencv/python/opencv/face_recognition/train/309.bmp;7
/home/thomas/Thomas/git-thomas/PythonOpencv/python/opencv/face_recognition/train/310.bmp;7
/home/thomas/Thomas/git-thomas/PythonOpencv/python/opencv/face_recognition/train/311.bmp;7
/home/thomas/Thomas/git-thomas/PythonOpencv/python/opencv/face_recognition/train/312.bmp;7
/home/thomas/Thomas/git-thomas/PythonOpencv/python/opencv/face_recognition/train/313.bmp;7
/home/thomas/Thomas/git-thomas/PythonOpencv/python/opencv/face_recognition/train/314.bmp;7
/home/thomas/Thomas/git-thomas/PythonOpencv/python/opencv/face_recognition/train/315.bmp;7
/home/thomas/Thomas/git-thomas/PythonOpencv/python/opencv/face_recognition/train/331.bmp;8
/home/thomas/Thomas/git-thomas/PythonOpencv/python/opencv/face_recognition/train/332.bmp;8
/home/thomas/Thomas/git-thomas/PythonOpencv/python/opencv/face_recognition/train/333.bmp;8
/home/thomas/Thomas/git-thomas/PythonOpencv/python/opencv/face_recognition/train/334.bmp;8
/home/thomas/Thomas/git-thomas/PythonOpencv/python/opencv/face_recognition/train/335.bmp;8
/home/thomas/Thomas/git-thomas/PythonOpencv/python/opencv/face_recognition/train/351.bmp;8
/home/thomas/Thomas/git-thomas/PythonOpencv/python/opencv/face_recognition/train/352.bmp;8
/home/thomas/Thomas/git-thomas/PythonOpencv/python/opencv/face_recognition/train/353.bmp;8
/home/thomas/Thomas/git-thomas/PythonOpencv/python/opencv/face_recognition/train/354.bmp;8
/home/thomas/Thomas/git-thomas/PythonOpencv/python/opencv/face_recognition/train/355.bmp;8
/home/thomas/Thomas/git-thomas/PythonOpencv/python/opencv/face_recognition/train/356.bmp;8
/home/thomas/Thomas/git-thomas/PythonOpencv/python/opencv/face_recognition/train/357.bmp;8
/home/thomas/Thomas/git-thomas/PythonOpencv/python/opencv/face_recognition/train/358.bmp;8
/home/thomas/Thomas/git-thomas/PythonOpencv/python/opencv/face_recognition/train/359.bmp;8
/home/thomas/Thomas/git-thomas/PythonOpencv/python/opencv/face_recognition/train/360.bmp;8
/home/thomas/Thomas/git-thomas/PythonOpencv/python/opencv/face_recognition/train/376.bmp;9
/home/thomas/Thomas/git-thomas/PythonOpencv/python/opencv/face_recognition/train/377.bmp;9
/home/thomas/Thomas/git-thomas/PythonOpencv/python/opencv/face_recognition/train/378.bmp;9
/home/thomas/Thomas/git-thomas/PythonOpencv/python/opencv/face_recognition/train/379.bmp;9
/home/thomas/Thomas/git-thomas/PythonOpencv/python/opencv/face_recognition/train/380.bmp;9
/home/thomas/Thomas/git-thomas/PythonOpencv/python/opencv/face_recognition/train/396.bmp;9
/home/thomas/Thomas/git-thomas/PythonOpencv/python/opencv/face_recognition/train/397.bmp;9
/home/thomas/Thomas/git-thomas/PythonOpencv/python/opencv/face_recognition/train/398.bmp;9
/home/thomas/Thomas/git-thomas/PythonOpencv/python/opencv/face_recognition/train/399.bmp;9
/home/thomas/Thomas/git-thomas/PythonOpencv/python/opencv/face_recognition/train/400.bmp;9
/home/thomas/Thomas/git-thomas/PythonOpencv/python/opencv/face_recognition/train/401.bmp;9
/home/thomas/Thomas/git-thomas/PythonOpencv/python/opencv/face_recognition/train/402.bmp;9
/home/thomas/Thomas/git-thomas/PythonOpencv/python/opencv/face_recognition/train/403.bmp;9
/home/thomas/Thomas/git-thomas/PythonOpencv/python/opencv/face_recognition/train/404.bmp;9
/home/thomas/Thomas/git-thomas/PythonOpencv/python/opencv/face_recognition/train/405.bmp;9
/home/thomas/Thomas/git-thomas/PythonOpencv/python/opencv/face_recognition/train/421.bmp;10
/home/thomas/Thomas/git-thomas/PythonOpencv/python/opencv/face_recognition/train/422.bmp;10
/home/thomas/Thomas/git-thomas/PythonOpencv/python/opencv/face_recognition/train/423.bmp;10
/home/thomas/Thomas/git-thomas/PythonOpencv/python/opencv/face_recognition/train/424.bmp;10
/home/thomas/Thomas/git-thomas/PythonOpencv/python/opencv/face_recognition/train/425.bmp;10
/home/thomas/Thomas/git-thomas/PythonOpencv/python/opencv/face_recognition/train/441.bmp;10
/home/thomas/Thomas/git-thomas/PythonOpencv/python/opencv/face_recognition/train/442.bmp;10
/home/thomas/Thomas/git-thomas/PythonOpencv/python/opencv/face_recognition/train/443.bmp;10
/home/thomas/Thomas/git-thomas/PythonOpencv/python/opencv/face_recognition/train/444.bmp;10
/home/thomas/Thomas/git-thomas/PythonOpencv/python/opencv/face_recognition/train/445.bmp;10
/home/thomas/Thomas/git-thomas/PythonOpencv/python/opencv/face_recognition/train/446.bmp;10
/home/thomas/Thomas/git-thomas/PythonOpencv/python/opencv/face_recognition/train/447.bmp;10
/home/thomas/Thomas/git-thomas/PythonOpencv/python/opencv/face_recognition/train/448.bmp;10
/home/thomas/Thomas/git-thomas/PythonOpencv/python/opencv/face_recognition/train/449.bmp;10
/home/thomas/Thomas/git-thomas/PythonOpencv/python/opencv/face_recognition/train/450.bmp;10
/home/thomas/Thomas/git-thomas/PythonOpencv/python/opencv/face_recognition/train/466.bmp;11
/home/thomas/Thomas/git-thomas/PythonOpencv/python/opencv/face_recognition/train/467.bmp;11
/home/thomas/Thomas/git-thomas/PythonOpencv/python/opencv/face_recognition/train/468.bmp;11
/home/thomas/Thomas/git-thomas/PythonOpencv/python/opencv/face_recognition/train/469.bmp;11
/home/thomas/Thomas/git-thomas/PythonOpencv/python/opencv/face_recognition/train/470.bmp;11
/home/thomas/Thomas/git-thomas/PythonOpencv/python/opencv/face_recognition/train/486.bmp;11
/home/thomas/Thomas/git-thomas/PythonOpencv/python/opencv/face_recognition/train/487.bmp;11
/home/thomas/Thomas/git-thomas/PythonOpencv/python/opencv/face_recognition/train/488.bmp;11
/home/thomas/Thomas/git-thomas/PythonOpencv/python/opencv/face_recognition/train/489.bmp;11
/home/thomas/Thomas/git-thomas/PythonOpencv/python/opencv/face_recognition/train/490.bmp;11
/home/thomas/Thomas/git-thomas/PythonOpencv/python/opencv/face_recognition/train/491.bmp;11
/home/thomas/Thomas/git-thomas/PythonOpencv/python/opencv/face_recognition/train/492.bmp;11
/home/thomas/Thomas/git-thomas/PythonOpencv/python/opencv/face_recognition/train/493.bmp;11
/home/thomas/Thomas/git-thomas/PythonOpencv/python/opencv/face_recognition/train/494.bmp;11
/home/thomas/Thomas/git-thomas/PythonOpencv/python/opencv/face_recognition/train/495.bmp;11
/home/thomas/Thomas/git-thomas/PythonOpencv/python/opencv/face_recognition/train/511.bmp;12
/home/thomas/Thomas/git-thomas/PythonOpencv/python/opencv/face_recognition/train/512.bmp;12
/home/thomas/Thomas/git-thomas/PythonOpencv/python/opencv/face_recognition/train/513.bmp;12
/home/thomas/Thomas/git-thomas/PythonOpencv/python/opencv/face_recognition/train/514.bmp;12
/home/thomas/Thomas/git-thomas/PythonOpencv/python/opencv/face_recognition/train/515.bmp;12
/home/thomas/Thomas/git-thomas/PythonOpencv/python/opencv/face_recognition/train/531.bmp;12
/home/thomas/Thomas/git-thomas/PythonOpencv/python/opencv/face_recognition/train/532.bmp;12
/home/thomas/Thomas/git-thomas/PythonOpencv/python/opencv/face_recognition/train/533.bmp;12
/home/thomas/Thomas/git-thomas/PythonOpencv/python/opencv/face_recognition/train/534.bmp;12
/home/thomas/Thomas/git-thomas/PythonOpencv/python/opencv/face_recognition/train/535.bmp;12
/home/thomas/Thomas/git-thomas/PythonOpencv/python/opencv/face_recognition/train/536.bmp;12
/home/thomas/Thomas/git-thomas/PythonOpencv/python/opencv/face_recognition/train/537.bmp;12
/home/thomas/Thomas/git-thomas/PythonOpencv/python/opencv/face_recognition/train/538.bmp;12
/home/thomas/Thomas/git-thomas/PythonOpencv/python/opencv/face_recognition/train/539.bmp;12
/home/thomas/Thomas/git-thomas/PythonOpencv/python/opencv/face_recognition/train/540.bmp;12
/home/thomas/Thomas/git-thomas/PythonOpencv/python/opencv/face_recognition/train/556.bmp;13
/home/thomas/Thomas/git-thomas/PythonOpencv/python/opencv/face_recognition/train/557.bmp;13
/home/thomas/Thomas/git-thomas/PythonOpencv/python/opencv/face_recognition/train/558.bmp;13
/home/thomas/Thomas/git-thomas/PythonOpencv/python/opencv/face_recognition/train/559.bmp;13
/home/thomas/Thomas/git-thomas/PythonOpencv/python/opencv/face_recognition/train/560.bmp;13
/home/thomas/Thomas/git-thomas/PythonOpencv/python/opencv/face_recognition/train/576.bmp;13
/home/thomas/Thomas/git-thomas/PythonOpencv/python/opencv/face_recognition/train/577.bmp;13
/home/thomas/Thomas/git-thomas/PythonOpencv/python/opencv/face_recognition/train/578.bmp;13
/home/thomas/Thomas/git-thomas/PythonOpencv/python/opencv/face_recognition/train/579.bmp;13
/home/thomas/Thomas/git-thomas/PythonOpencv/python/opencv/face_recognition/train/580.bmp;13
/home/thomas/Thomas/git-thomas/PythonOpencv/python/opencv/face_recognition/train/581.bmp;13
/home/thomas/Thomas/git-thomas/PythonOpencv/python/opencv/face_recognition/train/582.bmp;13
/home/thomas/Thomas/git-thomas/PythonOpencv/python/opencv/face_recognition/train/583.bmp;13
/home/thomas/Thomas/git-thomas/PythonOpencv/python/opencv/face_recognition/train/584.bmp;13
/home/thomas/Thomas/git-thomas/PythonOpencv/python/opencv/face_recognition/train/585.bmp;13
/home/thomas/Thomas/git-thomas/PythonOpencv/python/opencv/face_recognition/train/601.bmp;14
/home/thomas/Thomas/git-thomas/PythonOpencv/python/opencv/face_recognition/train/602.bmp;14
/home/thomas/Thomas/git-thomas/PythonOpencv/python/opencv/face_recognition/train/603.bmp;14
/home/thomas/Thomas/git-thomas/PythonOpencv/python/opencv/face_recognition/train/604.bmp;14
/home/thomas/Thomas/git-thomas/PythonOpencv/python/opencv/face_recognition/train/605.bmp;14
/home/thomas/Thomas/git-thomas/PythonOpencv/python/opencv/face_recognition/train/621.bmp;14
/home/thomas/Thomas/git-thomas/PythonOpencv/python/opencv/face_recognition/train/622.bmp;14
/home/thomas/Thomas/git-thomas/PythonOpencv/python/opencv/face_recognition/train/623.bmp;14
/home/thomas/Thomas/git-thomas/PythonOpencv/python/opencv/face_recognition/train/624.bmp;14
/home/thomas/Thomas/git-thomas/PythonOpencv/python/opencv/face_recognition/train/625.bmp;14
/home/thomas/Thomas/git-thomas/PythonOpencv/python/opencv/face_recognition/train/626.bmp;14
/home/thomas/Thomas/git-thomas/PythonOpencv/python/opencv/face_recognition/train/627.bmp;14
/home/thomas/Thomas/git-thomas/PythonOpencv/python/opencv/face_recognition/train/628.bmp;14
/home/thomas/Thomas/git-thomas/PythonOpencv/python/opencv/face_recognition/train/629.bmp;14
/home/thomas/Thomas/git-thomas/PythonOpencv/python/opencv/face_recognition/train/630.bmp;14
/home/thomas/Thomas/git-thomas/PythonOpencv/python/opencv/face_recognition/train/646.bmp;15
/home/thomas/Thomas/git-thomas/PythonOpencv/python/opencv/face_recognition/train/647.bmp;15
/home/thomas/Thomas/git-thomas/PythonOpencv/python/opencv/face_recognition/train/648.bmp;15
/home/thomas/Thomas/git-thomas/PythonOpencv/python/opencv/face_recognition/train/649.bmp;15
/home/thomas/Thomas/git-thomas/PythonOpencv/python/opencv/face_recognition/train/650.bmp;15
/home/thomas/Thomas/git-thomas/PythonOpencv/python/opencv/face_recognition/train/666.bmp;15
/home/thomas/Thomas/git-thomas/PythonOpencv/python/opencv/face_recognition/train/667.bmp;15
/home/thomas/Thomas/git-thomas/PythonOpencv/python/opencv/face_recognition/train/668.bmp;15
/home/thomas/Thomas/git-thomas/PythonOpencv/python/opencv/face_recognition/train/669.bmp;15
/home/thomas/Thomas/git-thomas/PythonOpencv/python/opencv/face_recognition/train/670.bmp;15
/home/thomas/Thomas/git-thomas/PythonOpencv/python/opencv/face_recognition/train/671.bmp;15
/home/thomas/Thomas/git-thomas/PythonOpencv/python/opencv/face_recognition/train/672.bmp;15
/home/thomas/Thomas/git-thomas/PythonOpencv/python/opencv/face_recognition/train/673.bmp;15
/home/thomas/Thomas/git-thomas/PythonOpencv/python/opencv/face_recognition/train/674.bmp;15
/home/thomas/Thomas/git-thomas/PythonOpencv/python/opencv/face_recognition/train/675.bmp;15
/home/thomas/Thomas/git-thomas/PythonOpencv/python/opencv/face_recognition/train/691.bmp;16
/home/thomas/Thomas/git-thomas/PythonOpencv/python/opencv/face_recognition/train/692.bmp;16
/home/thomas/Thomas/git-thomas/PythonOpencv/python/opencv/face_recognition/train/693.bmp;16
/home/thomas/Thomas/git-thomas/PythonOpencv/python/opencv/face_recognition/train/694.bmp;16
/home/thomas/Thomas/git-thomas/PythonOpencv/python/opencv/face_recognition/train/695.bmp;16
/home/thomas/Thomas/git-thomas/PythonOpencv/python/opencv/face_recognition/train/711.bmp;16
/home/thomas/Thomas/git-thomas/PythonOpencv/python/opencv/face_recognition/train/712.bmp;16
/home/thomas/Thomas/git-thomas/PythonOpencv/python/opencv/face_recognition/train/713.bmp;16
/home/thomas/Thomas/git-thomas/PythonOpencv/python/opencv/face_recognition/train/714.bmp;16
/home/thomas/Thomas/git-thomas/PythonOpencv/python/opencv/face_recognition/train/715.bmp;16
/home/thomas/Thomas/git-thomas/PythonOpencv/python/opencv/face_recognition/train/716.bmp;16
/home/thomas/Thomas/git-thomas/PythonOpencv/python/opencv/face_recognition/train/717.bmp;16
/home/thomas/Thomas/git-thomas/PythonOpencv/python/opencv/face_recognition/train/718.bmp;16
/home/thomas/Thomas/git-thomas/PythonOpencv/python/opencv/face_recognition/train/719.bmp;16
/home/thomas/Thomas/git-thomas/PythonOpencv/python/opencv/face_recognition/train/720.bmp;16
/home/thomas/Thomas/git-thomas/PythonOpencv/python/opencv/face_recognition/train/736.bmp;17
/home/thomas/Thomas/git-thomas/PythonOpencv/python/opencv/face_recognition/train/737.bmp;17
/home/thomas/Thomas/git-thomas/PythonOpencv/python/opencv/face_recognition/train/738.bmp;17
/home/thomas/Thomas/git-thomas/PythonOpencv/python/opencv/face_recognition/train/739.bmp;17
/home/thomas/Thomas/git-thomas/PythonOpencv/python/opencv/face_recognition/train/740.bmp;17
/home/thomas/Thomas/git-thomas/PythonOpencv/python/opencv/face_recognition/train/756.bmp;17
/home/thomas/Thomas/git-thomas/PythonOpencv/python/opencv/face_recognition/train/757.bmp;17
/home/thomas/Thomas/git-thomas/PythonOpencv/python/opencv/face_recognition/train/758.bmp;17
/home/thomas/Thomas/git-thomas/PythonOpencv/python/opencv/face_recognition/train/759.bmp;17
/home/thomas/Thomas/git-thomas/PythonOpencv/python/opencv/face_recognition/train/760.bmp;17
/home/thomas/Thomas/git-thomas/PythonOpencv/python/opencv/face_recognition/train/761.bmp;17
/home/thomas/Thomas/git-thomas/PythonOpencv/python/opencv/face_recognition/train/762.bmp;17
/home/thomas/Thomas/git-thomas/PythonOpencv/python/opencv/face_recognition/train/763.bmp;17
/home/thomas/Thomas/git-thomas/PythonOpencv/python/opencv/face_recognition/train/764.bmp;17
/home/thomas/Thomas/git-thomas/PythonOpencv/python/opencv/face_recognition/train/765.bmp;17
/home/thomas/Thomas/git-thomas/PythonOpencv/python/opencv/face_recognition/train/781.bmp;18
/home/thomas/Thomas/git-thomas/PythonOpencv/python/opencv/face_recognition/train/782.bmp;18
/home/thomas/Thomas/git-thomas/PythonOpencv/python/opencv/face_recognition/train/783.bmp;18
/home/thomas/Thomas/git-thomas/PythonOpencv/python/opencv/face_recognition/train/784.bmp;18
/home/thomas/Thomas/git-thomas/PythonOpencv/python/opencv/face_recognition/train/785.bmp;18
/home/thomas/Thomas/git-thomas/PythonOpencv/python/opencv/face_recognition/train/801.bmp;18
/home/thomas/Thomas/git-thomas/PythonOpencv/python/opencv/face_recognition/train/802.bmp;18
/home/thomas/Thomas/git-thomas/PythonOpencv/python/opencv/face_recognition/train/803.bmp;18
/home/thomas/Thomas/git-thomas/PythonOpencv/python/opencv/face_recognition/train/804.bmp;18
/home/thomas/Thomas/git-thomas/PythonOpencv/python/opencv/face_recognition/train/805.bmp;18
/home/thomas/Thomas/git-thomas/PythonOpencv/python/opencv/face_recognition/train/806.bmp;18
/home/thomas/Thomas/git-thomas/PythonOpencv/python/opencv/face_recognition/train/807.bmp;18
/home/thomas/Thomas/git-thomas/PythonOpencv/python/opencv/face_recognition/train/808.bmp;18
/home/thomas/Thomas/git-thomas/PythonOpencv/python/opencv/face_recognition/train/809.bmp;18
/home/thomas/Thomas/git-thomas/PythonOpencv/python/opencv/face_recognition/train/810.bmp;18
/home/thomas/Thomas/git-thomas/PythonOpencv/python/opencv/face_recognition/train/826.bmp;19
/home/thomas/Thomas/git-thomas/PythonOpencv/python/opencv/face_recognition/train/827.bmp;19
/home/thomas/Thomas/git-thomas/PythonOpencv/python/opencv/face_recognition/train/828.bmp;19
/home/thomas/Thomas/git-thomas/PythonOpencv/python/opencv/face_recognition/train/829.bmp;19
/home/thomas/Thomas/git-thomas/PythonOpencv/python/opencv/face_recognition/train/830.bmp;19
/home/thomas/Thomas/git-thomas/PythonOpencv/python/opencv/face_recognition/train/846.bmp;19
/home/thomas/Thomas/git-thomas/PythonOpencv/python/opencv/face_recognition/train/847.bmp;19
/home/thomas/Thomas/git-thomas/PythonOpencv/python/opencv/face_recognition/train/848.bmp;19
/home/thomas/Thomas/git-thomas/PythonOpencv/python/opencv/face_recognition/train/849.bmp;19
/home/thomas/Thomas/git-thomas/PythonOpencv/python/opencv/face_recognition/train/850.bmp;19
/home/thomas/Thomas/git-thomas/PythonOpencv/python/opencv/face_recognition/train/851.bmp;19
/home/thomas/Thomas/git-thomas/PythonOpencv/python/opencv/face_recognition/train/852.bmp;19
/home/thomas/Thomas/git-thomas/PythonOpencv/python/opencv/face_recognition/train/853.bmp;19
/home/thomas/Thomas/git-thomas/PythonOpencv/python/opencv/face_recognition/train/854.bmp;19
/home/thomas/Thomas/git-thomas/PythonOpencv/python/opencv/face_recognition/train/855.bmp;19
/home/thomas/Thomas/git-thomas/PythonOpencv/python/opencv/face_recognition/train/871.bmp;20
/home/thomas/Thomas/git-thomas/PythonOpencv/python/opencv/face_recognition/train/872.bmp;20
/home/thomas/Thomas/git-thomas/PythonOpencv/python/opencv/face_recognition/train/873.bmp;20
/home/thomas/Thomas/git-thomas/PythonOpencv/python/opencv/face_recognition/train/874.bmp;20
/home/thomas/Thomas/git-thomas/PythonOpencv/python/opencv/face_recognition/train/875.bmp;20
/home/thomas/Thomas/git-thomas/PythonOpencv/python/opencv/face_recognition/train/891.bmp;20
/home/thomas/Thomas/git-thomas/PythonOpencv/python/opencv/face_recognition/train/892.bmp;20
/home/thomas/Thomas/git-thomas/PythonOpencv/python/opencv/face_recognition/train/893.bmp;20
/home/thomas/Thomas/git-thomas/PythonOpencv/python/opencv/face_recognition/train/894.bmp;20
/home/thomas/Thomas/git-thomas/PythonOpencv/python/opencv/face_recognition/train/895.bmp;20
/home/thomas/Thomas/git-thomas/PythonOpencv/python/opencv/face_recognition/train/896.bmp;20
/home/thomas/Thomas/git-thomas/PythonOpencv/python/opencv/face_recognition/train/897.bmp;20
/home/thomas/Thomas/git-thomas/PythonOpencv/python/opencv/face_recognition/train/898.bmp;20
/home/thomas/Thomas/git-thomas/PythonOpencv/python/opencv/face_recognition/train/899.bmp;20
/home/thomas/Thomas/git-thomas/PythonOpencv/python/opencv/face_recognition/train/900.bmp;20
/home/thomas/Thomas/git-thomas/PythonOpencv/python/opencv/face_recognition/train/916.bmp;21
/home/thomas/Thomas/git-thomas/PythonOpencv/python/opencv/face_recognition/train/917.bmp;21
/home/thomas/Thomas/git-thomas/PythonOpencv/python/opencv/face_recognition/train/918.bmp;21
/home/thomas/Thomas/git-thomas/PythonOpencv/python/opencv/face_recognition/train/919.bmp;21
/home/thomas/Thomas/git-thomas/PythonOpencv/python/opencv/face_recognition/train/920.bmp;21
/home/thomas/Thomas/git-thomas/PythonOpencv/python/opencv/face_recognition/train/936.bmp;21
/home/thomas/Thomas/git-thomas/PythonOpencv/python/opencv/face_recognition/train/937.bmp;21
/home/thomas/Thomas/git-thomas/PythonOpencv/python/opencv/face_recognition/train/938.bmp;21
/home/thomas/Thomas/git-thomas/PythonOpencv/python/opencv/face_recognition/train/939.bmp;21
/home/thomas/Thomas/git-thomas/PythonOpencv/python/opencv/face_recognition/train/940.bmp;21
/home/thomas/Thomas/git-thomas/PythonOpencv/python/opencv/face_recognition/train/941.bmp;21
/home/thomas/Thomas/git-thomas/PythonOpencv/python/opencv/face_recognition/train/942.bmp;21
/home/thomas/Thomas/git-thomas/PythonOpencv/python/opencv/face_recognition/train/943.bmp;21
/home/thomas/Thomas/git-thomas/PythonOpencv/python/opencv/face_recognition/train/944.bmp;21
/home/thomas/Thomas/git-thomas/PythonOpencv/python/opencv/face_recognition/train/945.bmp;21
/home/thomas/Thomas/git-thomas/PythonOpencv/python/opencv/face_recognition/train/961.bmp;22
/home/thomas/Thomas/git-thomas/PythonOpencv/python/opencv/face_recognition/train/962.bmp;22
/home/thomas/Thomas/git-thomas/PythonOpencv/python/opencv/face_recognition/train/963.bmp;22
/home/thomas/Thomas/git-thomas/PythonOpencv/python/opencv/face_recognition/train/964.bmp;22
/home/thomas/Thomas/git-thomas/PythonOpencv/python/opencv/face_recognition/train/965.bmp;22
/home/thomas/Thomas/git-thomas/PythonOpencv/python/opencv/face_recognition/train/981.bmp;22
/home/thomas/Thomas/git-thomas/PythonOpencv/python/opencv/face_recognition/train/982.bmp;22
/home/thomas/Thomas/git-thomas/PythonOpencv/python/opencv/face_recognition/train/983.bmp;22
/home/thomas/Thomas/git-thomas/PythonOpencv/python/opencv/face_recognition/train/984.bmp;22
/home/thomas/Thomas/git-thomas/PythonOpencv/python/opencv/face_recognition/train/985.bmp;22
/home/thomas/Thomas/git-thomas/PythonOpencv/python/opencv/face_recognition/train/986.bmp;22
/home/thomas/Thomas/git-thomas/PythonOpencv/python/opencv/face_recognition/train/987.bmp;22
/home/thomas/Thomas/git-thomas/PythonOpencv/python/opencv/face_recognition/train/988.bmp;22
/home/thomas/Thomas/git-thomas/PythonOpencv/python/opencv/face_recognition/train/989.bmp;22
/home/thomas/Thomas/git-thomas/PythonOpencv/python/opencv/face_recognition/train/990.bmp;22
/home/thomas/Thomas/git-thomas/PythonOpencv/python/opencv/face_recognition/train/1006.bmp;23
/home/thomas/Thomas/git-thomas/PythonOpencv/python/opencv/face_recognition/train/1007.bmp;23
/home/thomas/Thomas/git-thomas/PythonOpencv/python/opencv/face_recognition/train/1008.bmp;23
/home/thomas/Thomas/git-thomas/PythonOpencv/python/opencv/face_recognition/train/1009.bmp;23
/home/thomas/Thomas/git-thomas/PythonOpencv/python/opencv/face_recognition/train/1010.bmp;23
/home/thomas/Thomas/git-thomas/PythonOpencv/python/opencv/face_recognition/train/1026.bmp;23
/home/thomas/Thomas/git-thomas/PythonOpencv/python/opencv/face_recognition/train/1027.bmp;23
/home/thomas/Thomas/git-thomas/PythonOpencv/python/opencv/face_recognition/train/1028.bmp;23
/home/thomas/Thomas/git-thomas/PythonOpencv/python/opencv/face_recognition/train/1029.bmp;23
/home/thomas/Thomas/git-thomas/PythonOpencv/python/opencv/face_recognition/train/1030.bmp;23
/home/thomas/Thomas/git-thomas/PythonOpencv/python/opencv/face_recognition/train/1031.bmp;23
/home/thomas/Thomas/git-thomas/PythonOpencv/python/opencv/face_recognition/train/1032.bmp;23
/home/thomas/Thomas/git-thomas/PythonOpencv/python/opencv/face_recognition/train/1033.bmp;23
/home/thomas/Thomas/git-thomas/PythonOpencv/python/opencv/face_recognition/train/1034.bmp;23
/home/thomas/Thomas/git-thomas/PythonOpencv/python/opencv/face_recognition/train/1035.bmp;23
/home/thomas/Thomas/git-thomas/PythonOpencv/python/opencv/face_recognition/train/1051.bmp;24
/home/thomas/Thomas/git-thomas/PythonOpencv/python/opencv/face_recognition/train/1052.bmp;24
/home/thomas/Thomas/git-thomas/PythonOpencv/python/opencv/face_recognition/train/1053.bmp;24
/home/thomas/Thomas/git-thomas/PythonOpencv/python/opencv/face_recognition/train/1054.bmp;24
/home/thomas/Thomas/git-thomas/PythonOpencv/python/opencv/face_recognition/train/1055.bmp;24
/home/thomas/Thomas/git-thomas/PythonOpencv/python/opencv/face_recognition/train/1071.bmp;24
/home/thomas/Thomas/git-thomas/PythonOpencv/python/opencv/face_recognition/train/1072.bmp;24
/home/thomas/Thomas/git-thomas/PythonOpencv/python/opencv/face_recognition/train/1073.bmp;24
/home/thomas/Thomas/git-thomas/PythonOpencv/python/opencv/face_recognition/train/1074.bmp;24
/home/thomas/Thomas/git-thomas/PythonOpencv/python/opencv/face_recognition/train/1075.bmp;24
/home/thomas/Thomas/git-thomas/PythonOpencv/python/opencv/face_recognition/train/1076.bmp;24
/home/thomas/Thomas/git-thomas/PythonOpencv/python/opencv/face_recognition/train/1077.bmp;24
/home/thomas/Thomas/git-thomas/PythonOpencv/python/opencv/face_recognition/train/1078.bmp;24
/home/thomas/Thomas/git-thomas/PythonOpencv/python/opencv/face_recognition/train/1079.bmp;24
/home/thomas/Thomas/git-thomas/PythonOpencv/python/opencv/face_recognition/train/1080.bmp;24
/home/thomas/Thomas/git-thomas/PythonOpencv/python/opencv/face_recognition/train/1096.bmp;25
/home/thomas/Thomas/git-thomas/PythonOpencv/python/opencv/face_recognition/train/1097.bmp;25
/home/thomas/Thomas/git-thomas/PythonOpencv/python/opencv/face_recognition/train/1098.bmp;25
/home/thomas/Thomas/git-thomas/PythonOpencv/python/opencv/face_recognition/train/1099.bmp;25
/home/thomas/Thomas/git-thomas/PythonOpencv/python/opencv/face_recognition/train/1100.bmp;25
/home/thomas/Thomas/git-thomas/PythonOpencv/python/opencv/face_recognition/train/1116.bmp;25
/home/thomas/Thomas/git-thomas/PythonOpencv/python/opencv/face_recognition/train/1117.bmp;25
/home/thomas/Thomas/git-thomas/PythonOpencv/python/opencv/face_recognition/train/1118.bmp;25
/home/thomas/Thomas/git-thomas/PythonOpencv/python/opencv/face_recognition/train/1119.bmp;25
/home/thomas/Thomas/git-thomas/PythonOpencv/python/opencv/face_recognition/train/1120.bmp;25
/home/thomas/Thomas/git-thomas/PythonOpencv/python/opencv/face_recognition/train/1121.bmp;25
/home/thomas/Thomas/git-thomas/PythonOpencv/python/opencv/face_recognition/train/1122.bmp;25
/home/thomas/Thomas/git-thomas/PythonOpencv/python/opencv/face_recognition/train/1123.bmp;25
/home/thomas/Thomas/git-thomas/PythonOpencv/python/opencv/face_recognition/train/1124.bmp;25
/home/thomas/Thomas/git-thomas/PythonOpencv/python/opencv/face_recognition/train/1125.bmp;25
/home/thomas/Thomas/git-thomas/PythonOpencv/python/opencv/face_recognition/train/1141.bmp;26
/home/thomas/Thomas/git-thomas/PythonOpencv/python/opencv/face_recognition/train/1142.bmp;26
/home/thomas/Thomas/git-thomas/PythonOpencv/python/opencv/face_recognition/train/1143.bmp;26
/home/thomas/Thomas/git-thomas/PythonOpencv/python/opencv/face_recognition/train/1144.bmp;26
/home/thomas/Thomas/git-thomas/PythonOpencv/python/opencv/face_recognition/train/1145.bmp;26
/home/thomas/Thomas/git-thomas/PythonOpencv/python/opencv/face_recognition/train/1161.bmp;26
/home/thomas/Thomas/git-thomas/PythonOpencv/python/opencv/face_recognition/train/1162.bmp;26
/home/thomas/Thomas/git-thomas/PythonOpencv/python/opencv/face_recognition/train/1163.bmp;26
/home/thomas/Thomas/git-thomas/PythonOpencv/python/opencv/face_recognition/train/1164.bmp;26
/home/thomas/Thomas/git-thomas/PythonOpencv/python/opencv/face_recognition/train/1165.bmp;26
/home/thomas/Thomas/git-thomas/PythonOpencv/python/opencv/face_recognition/train/1166.bmp;26
/home/thomas/Thomas/git-thomas/PythonOpencv/python/opencv/face_recognition/train/1167.bmp;26
/home/thomas/Thomas/git-thomas/PythonOpencv/python/opencv/face_recognition/train/1168.bmp;26
/home/thomas/Thomas/git-thomas/PythonOpencv/python/opencv/face_recognition/train/1169.bmp;26
/home/thomas/Thomas/git-thomas/PythonOpencv/python/opencv/face_recognition/train/1170.bmp;26
/home/thomas/Thomas/git-thomas/PythonOpencv/python/opencv/face_recognition/train/1186.bmp;27
/home/thomas/Thomas/git-thomas/PythonOpencv/python/opencv/face_recognition/train/1187.bmp;27
/home/thomas/Thomas/git-thomas/PythonOpencv/python/opencv/face_recognition/train/1188.bmp;27
/home/thomas/Thomas/git-thomas/PythonOpencv/python/opencv/face_recognition/train/1189.bmp;27
/home/thomas/Thomas/git-thomas/PythonOpencv/python/opencv/face_recognition/train/1190.bmp;27
/home/thomas/Thomas/git-thomas/PythonOpencv/python/opencv/face_recognition/train/1206.bmp;27
/home/thomas/Thomas/git-thomas/PythonOpencv/python/opencv/face_recognition/train/1207.bmp;27
/home/thomas/Thomas/git-thomas/PythonOpencv/python/opencv/face_recognition/train/1208.bmp;27
/home/thomas/Thomas/git-thomas/PythonOpencv/python/opencv/face_recognition/train/1209.bmp;27
/home/thomas/Thomas/git-thomas/PythonOpencv/python/opencv/face_recognition/train/1210.bmp;27
/home/thomas/Thomas/git-thomas/PythonOpencv/python/opencv/face_recognition/train/1211.bmp;27
/home/thomas/Thomas/git-thomas/PythonOpencv/python/opencv/face_recognition/train/1212.bmp;27
/home/thomas/Thomas/git-thomas/PythonOpencv/python/opencv/face_recognition/train/1213.bmp;27
/home/thomas/Thomas/git-thomas/PythonOpencv/python/opencv/face_recognition/train/1214.bmp;27
/home/thomas/Thomas/git-thomas/PythonOpencv/python/opencv/face_recognition/train/1215.bmp;27
/home/thomas/Thomas/git-thomas/PythonOpencv/python/opencv/face_recognition/train/1231.bmp;28
/home/thomas/Thomas/git-thomas/PythonOpencv/python/opencv/face_recognition/train/1232.bmp;28
/home/thomas/Thomas/git-thomas/PythonOpencv/python/opencv/face_recognition/train/1233.bmp;28
/home/thomas/Thomas/git-thomas/PythonOpencv/python/opencv/face_recognition/train/1234.bmp;28
/home/thomas/Thomas/git-thomas/PythonOpencv/python/opencv/face_recognition/train/1235.bmp;28
/home/thomas/Thomas/git-thomas/PythonOpencv/python/opencv/face_recognition/train/1251.bmp;28
/home/thomas/Thomas/git-thomas/PythonOpencv/python/opencv/face_recognition/train/1252.bmp;28
/home/thomas/Thomas/git-thomas/PythonOpencv/python/opencv/face_recognition/train/1253.bmp;28
/home/thomas/Thomas/git-thomas/PythonOpencv/python/opencv/face_recognition/train/1254.bmp;28
/home/thomas/Thomas/git-thomas/PythonOpencv/python/opencv/face_recognition/train/1255.bmp;28
/home/thomas/Thomas/git-thomas/PythonOpencv/python/opencv/face_recognition/train/1256.bmp;28
/home/thomas/Thomas/git-thomas/PythonOpencv/python/opencv/face_recognition/train/1257.bmp;28
/home/thomas/Thomas/git-thomas/PythonOpencv/python/opencv/face_recognition/train/1258.bmp;28
/home/thomas/Thomas/git-thomas/PythonOpencv/python/opencv/face_recognition/train/1259.bmp;28
/home/thomas/Thomas/git-thomas/PythonOpencv/python/opencv/face_recognition/train/1260.bmp;28
/home/thomas/Thomas/git-thomas/PythonOpencv/python/opencv/face_recognition/train/1276.bmp;29
/home/thomas/Thomas/git-thomas/PythonOpencv/python/opencv/face_recognition/train/1277.bmp;29
/home/thomas/Thomas/git-thomas/PythonOpencv/python/opencv/face_recognition/train/1278.bmp;29
/home/thomas/Thomas/git-thomas/PythonOpencv/python/opencv/face_recognition/train/1279.bmp;29
/home/thomas/Thomas/git-thomas/PythonOpencv/python/opencv/face_recognition/train/1280.bmp;29
/home/thomas/Thomas/git-thomas/PythonOpencv/python/opencv/face_recognition/train/1296.bmp;29
/home/thomas/Thomas/git-thomas/PythonOpencv/python/opencv/face_recognition/train/1297.bmp;29
/home/thomas/Thomas/git-thomas/PythonOpencv/python/opencv/face_recognition/train/1298.bmp;29
/home/thomas/Thomas/git-thomas/PythonOpencv/python/opencv/face_recognition/train/1299.bmp;29
/home/thomas/Thomas/git-thomas/PythonOpencv/python/opencv/face_recognition/train/1300.bmp;29
/home/thomas/Thomas/git-thomas/PythonOpencv/python/opencv/face_recognition/train/1301.bmp;29
/home/thomas/Thomas/git-thomas/PythonOpencv/python/opencv/face_recognition/train/1302.bmp;29
/home/thomas/Thomas/git-thomas/PythonOpencv/python/opencv/face_recognition/train/1303.bmp;29
/home/thomas/Thomas/git-thomas/PythonOpencv/python/opencv/face_recognition/train/1304.bmp;29
/home/thomas/Thomas/git-thomas/PythonOpencv/python/opencv/face_recognition/train/1305.bmp;29
/home/thomas/Thomas/git-thomas/PythonOpencv/python/opencv/face_recognition/train/1321.bmp;30
/home/thomas/Thomas/git-thomas/PythonOpencv/python/opencv/face_recognition/train/1322.bmp;30
/home/thomas/Thomas/git-thomas/PythonOpencv/python/opencv/face_recognition/train/1323.bmp;30
/home/thomas/Thomas/git-thomas/PythonOpencv/python/opencv/face_recognition/train/1324.bmp;30
/home/thomas/Thomas/git-thomas/PythonOpencv/python/opencv/face_recognition/train/1325.bmp;30
/home/thomas/Thomas/git-thomas/PythonOpencv/python/opencv/face_recognition/train/1341.bmp;30
/home/thomas/Thomas/git-thomas/PythonOpencv/python/opencv/face_recognition/train/1342.bmp;30
/home/thomas/Thomas/git-thomas/PythonOpencv/python/opencv/face_recognition/train/1343.bmp;30
/home/thomas/Thomas/git-thomas/PythonOpencv/python/opencv/face_recognition/train/1344.bmp;30
/home/thomas/Thomas/git-thomas/PythonOpencv/python/opencv/face_recognition/train/1345.bmp;30
/home/thomas/Thomas/git-thomas/PythonOpencv/python/opencv/face_recognition/train/1346.bmp;30
/home/thomas/Thomas/git-thomas/PythonOpencv/python/opencv/face_recognition/train/1347.bmp;30
/home/thomas/Thomas/git-thomas/PythonOpencv/python/opencv/face_recognition/train/1348.bmp;30
/home/thomas/Thomas/git-thomas/PythonOpencv/python/opencv/face_recognition/train/1349.bmp;30
/home/thomas/Thomas/git-thomas/PythonOpencv/python/opencv/face_recognition/train/1350.bmp;30
/home/thomas/Thomas/git-thomas/PythonOpencv/python/opencv/face_recognition/train/1366.bmp;31
/home/thomas/Thomas/git-thomas/PythonOpencv/python/opencv/face_recognition/train/1367.bmp;31
/home/thomas/Thomas/git-thomas/PythonOpencv/python/opencv/face_recognition/train/1368.bmp;31
/home/thomas/Thomas/git-thomas/PythonOpencv/python/opencv/face_recognition/train/1369.bmp;31
/home/thomas/Thomas/git-thomas/PythonOpencv/python/opencv/face_recognition/train/1370.bmp;31
/home/thomas/Thomas/git-thomas/PythonOpencv/python/opencv/face_recognition/train/1386.bmp;31
/home/thomas/Thomas/git-thomas/PythonOpencv/python/opencv/face_recognition/train/1387.bmp;31
/home/thomas/Thomas/git-thomas/PythonOpencv/python/opencv/face_recognition/train/1388.bmp;31
/home/thomas/Thomas/git-thomas/PythonOpencv/python/opencv/face_recognition/train/1389.bmp;31
/home/thomas/Thomas/git-thomas/PythonOpencv/python/opencv/face_recognition/train/1390.bmp;31
/home/thomas/Thomas/git-thomas/PythonOpencv/python/opencv/face_recognition/train/1391.bmp;31
/home/thomas/Thomas/git-thomas/PythonOpencv/python/opencv/face_recognition/train/1392.bmp;31
/home/thomas/Thomas/git-thomas/PythonOpencv/python/opencv/face_recognition/train/1393.bmp;31
/home/thomas/Thomas/git-thomas/PythonOpencv/python/opencv/face_recognition/train/1394.bmp;31
/home/thomas/Thomas/git-thomas/PythonOpencv/python/opencv/face_recognition/train/1395.bmp;31
/home/thomas/Thomas/git-thomas/PythonOpencv/python/opencv/face_recognition/train/1411.bmp;32
/home/thomas/Thomas/git-thomas/PythonOpencv/python/opencv/face_recognition/train/1412.bmp;32
/home/thomas/Thomas/git-thomas/PythonOpencv/python/opencv/face_recognition/train/1413.bmp;32
/home/thomas/Thomas/git-thomas/PythonOpencv/python/opencv/face_recognition/train/1414.bmp;32
/home/thomas/Thomas/git-thomas/PythonOpencv/python/opencv/face_recognition/train/1415.bmp;32
/home/thomas/Thomas/git-thomas/PythonOpencv/python/opencv/face_recognition/train/1431.bmp;32
/home/thomas/Thomas/git-thomas/PythonOpencv/python/opencv/face_recognition/train/1432.bmp;32
/home/thomas/Thomas/git-thomas/PythonOpencv/python/opencv/face_recognition/train/1433.bmp;32
/home/thomas/Thomas/git-thomas/PythonOpencv/python/opencv/face_recognition/train/1434.bmp;32
/home/thomas/Thomas/git-thomas/PythonOpencv/python/opencv/face_recognition/train/1435.bmp;32
/home/thomas/Thomas/git-thomas/PythonOpencv/python/opencv/face_recognition/train/1436.bmp;32
/home/thomas/Thomas/git-thomas/PythonOpencv/python/opencv/face_recognition/train/1437.bmp;32
/home/thomas/Thomas/git-thomas/PythonOpencv/python/opencv/face_recognition/train/1438.bmp;32
/home/thomas/Thomas/git-thomas/PythonOpencv/python/opencv/face_recognition/train/1439.bmp;32
/home/thomas/Thomas/git-thomas/PythonOpencv/python/opencv/face_recognition/train/1440.bmp;32
/home/thomas/Thomas/git-thomas/PythonOpencv/python/opencv/face_recognition/train/1456.bmp;33
/home/thomas/Thomas/git-thomas/PythonOpencv/python/opencv/face_recognition/train/1457.bmp;33
/home/thomas/Thomas/git-thomas/PythonOpencv/python/opencv/face_recognition/train/1458.bmp;33
/home/thomas/Thomas/git-thomas/PythonOpencv/python/opencv/face_recognition/train/1459.bmp;33
/home/thomas/Thomas/git-thomas/PythonOpencv/python/opencv/face_recognition/train/1460.bmp;33
/home/thomas/Thomas/git-thomas/PythonOpencv/python/opencv/face_recognition/train/1476.bmp;33
/home/thomas/Thomas/git-thomas/PythonOpencv/python/opencv/face_recognition/train/1477.bmp;33
/home/thomas/Thomas/git-thomas/PythonOpencv/python/opencv/face_recognition/train/1478.bmp;33
/home/thomas/Thomas/git-thomas/PythonOpencv/python/opencv/face_recognition/train/1479.bmp;33
/home/thomas/Thomas/git-thomas/PythonOpencv/python/opencv/face_recognition/train/1480.bmp;33
/home/thomas/Thomas/git-thomas/PythonOpencv/python/opencv/face_recognition/train/1481.bmp;33
/home/thomas/Thomas/git-thomas/PythonOpencv/python/opencv/face_recognition/train/1482.bmp;33
/home/thomas/Thomas/git-thomas/PythonOpencv/python/opencv/face_recognition/train/1483.bmp;33
/home/thomas/Thomas/git-thomas/PythonOpencv/python/opencv/face_recognition/train/1484.bmp;33
/home/thomas/Thomas/git-thomas/PythonOpencv/python/opencv/face_recognition/train/1485.bmp;33
/home/thomas/Thomas/git-thomas/PythonOpencv/python/opencv/face_recognition/train/1501.bmp;34
/home/thomas/Thomas/git-thomas/PythonOpencv/python/opencv/face_recognition/train/1502.bmp;34
/home/thomas/Thomas/git-thomas/PythonOpencv/python/opencv/face_recognition/train/1503.bmp;34
/home/thomas/Thomas/git-thomas/PythonOpencv/python/opencv/face_recognition/train/1504.bmp;34
/home/thomas/Thomas/git-thomas/PythonOpencv/python/opencv/face_recognition/train/1505.bmp;34
/home/thomas/Thomas/git-thomas/PythonOpencv/python/opencv/face_recognition/train/1521.bmp;34
/home/thomas/Thomas/git-thomas/PythonOpencv/python/opencv/face_recognition/train/1522.bmp;34
/home/thomas/Thomas/git-thomas/PythonOpencv/python/opencv/face_recognition/train/1523.bmp;34
/home/thomas/Thomas/git-thomas/PythonOpencv/python/opencv/face_recognition/train/1524.bmp;34
/home/thomas/Thomas/git-thomas/PythonOpencv/python/opencv/face_recognition/train/1525.bmp;34
/home/thomas/Thomas/git-thomas/PythonOpencv/python/opencv/face_recognition/train/1526.bmp;34
/home/thomas/Thomas/git-thomas/PythonOpencv/python/opencv/face_recognition/train/1527.bmp;34
/home/thomas/Thomas/git-thomas/PythonOpencv/python/opencv/face_recognition/train/1528.bmp;34
/home/thomas/Thomas/git-thomas/PythonOpencv/python/opencv/face_recognition/train/1529.bmp;34
/home/thomas/Thomas/git-thomas/PythonOpencv/python/opencv/face_recognition/train/1530.bmp;34
/home/thomas/Thomas/git-thomas/PythonOpencv/python/opencv/face_recognition/train/1546.bmp;35
/home/thomas/Thomas/git-thomas/PythonOpencv/python/opencv/face_recognition/train/1547.bmp;35
/home/thomas/Thomas/git-thomas/PythonOpencv/python/opencv/face_recognition/train/1548.bmp;35
/home/thomas/Thomas/git-thomas/PythonOpencv/python/opencv/face_recognition/train/1549.bmp;35
/home/thomas/Thomas/git-thomas/PythonOpencv/python/opencv/face_recognition/train/1550.bmp;35
/home/thomas/Thomas/git-thomas/PythonOpencv/python/opencv/face_recognition/train/1566.bmp;35
/home/thomas/Thomas/git-thomas/PythonOpencv/python/opencv/face_recognition/train/1567.bmp;35
/home/thomas/Thomas/git-thomas/PythonOpencv/python/opencv/face_recognition/train/1568.bmp;35
/home/thomas/Thomas/git-thomas/PythonOpencv/python/opencv/face_recognition/train/1569.bmp;35
/home/thomas/Thomas/git-thomas/PythonOpencv/python/opencv/face_recognition/train/1570.bmp;35
/home/thomas/Thomas/git-thomas/PythonOpencv/python/opencv/face_recognition/train/1571.bmp;35
/home/thomas/Thomas/git-thomas/PythonOpencv/python/opencv/face_recognition/train/1572.bmp;35
/home/thomas/Thomas/git-thomas/PythonOpencv/python/opencv/face_recognition/train/1573.bmp;35
/home/thomas/Thomas/git-thomas/PythonOpencv/python/opencv/face_recognition/train/1574.bmp;35
/home/thomas/Thomas/git-thomas/PythonOpencv/python/opencv/face_recognition/train/1575.bmp;35
/home/thomas/Thomas/git-thomas/PythonOpencv/python/opencv/face_recognition/train/1591.bmp;36
/home/thomas/Thomas/git-thomas/PythonOpencv/python/opencv/face_recognition/train/1592.bmp;36
/home/thomas/Thomas/git-thomas/PythonOpencv/python/opencv/face_recognition/train/1593.bmp;36
/home/thomas/Thomas/git-thomas/PythonOpencv/python/opencv/face_recognition/train/1594.bmp;36
/home/thomas/Thomas/git-thomas/PythonOpencv/python/opencv/face_recognition/train/1595.bmp;36
/home/thomas/Thomas/git-thomas/PythonOpencv/python/opencv/face_recognition/train/1611.bmp;36
/home/thomas/Thomas/git-thomas/PythonOpencv/python/opencv/face_recognition/train/1612.bmp;36
/home/thomas/Thomas/git-thomas/PythonOpencv/python/opencv/face_recognition/train/1613.bmp;36
/home/thomas/Thomas/git-thomas/PythonOpencv/python/opencv/face_recognition/train/1614.bmp;36
/home/thomas/Thomas/git-thomas/PythonOpencv/python/opencv/face_recognition/train/1615.bmp;36
/home/thomas/Thomas/git-thomas/PythonOpencv/python/opencv/face_recognition/train/1616.bmp;36
/home/thomas/Thomas/git-thomas/PythonOpencv/python/opencv/face_recognition/train/1617.bmp;36
/home/thomas/Thomas/git-thomas/PythonOpencv/python/opencv/face_recognition/train/1618.bmp;36
/home/thomas/Thomas/git-thomas/PythonOpencv/python/opencv/face_recognition/train/1619.bmp;36
/home/thomas/Thomas/git-thomas/PythonOpencv/python/opencv/face_recognition/train/1620.bmp;36
/home/thomas/Thomas/git-thomas/PythonOpencv/python/opencv/face_recognition/train/1636.bmp;37
/home/thomas/Thomas/git-thomas/PythonOpencv/python/opencv/face_recognition/train/1637.bmp;37
/home/thomas/Thomas/git-thomas/PythonOpencv/python/opencv/face_recognition/train/1638.bmp;37
/home/thomas/Thomas/git-thomas/PythonOpencv/python/opencv/face_recognition/train/1639.bmp;37
/home/thomas/Thomas/git-thomas/PythonOpencv/python/opencv/face_recognition/train/1640.bmp;37
/home/thomas/Thomas/git-thomas/PythonOpencv/python/opencv/face_recognition/train/1656.bmp;37
/home/thomas/Thomas/git-thomas/PythonOpencv/python/opencv/face_recognition/train/1657.bmp;37
/home/thomas/Thomas/git-thomas/PythonOpencv/python/opencv/face_recognition/train/1658.bmp;37
/home/thomas/Thomas/git-thomas/PythonOpencv/python/opencv/face_recognition/train/1659.bmp;37
/home/thomas/Thomas/git-thomas/PythonOpencv/python/opencv/face_recognition/train/1660.bmp;37
/home/thomas/Thomas/git-thomas/PythonOpencv/python/opencv/face_recognition/train/1661.bmp;37
/home/thomas/Thomas/git-thomas/PythonOpencv/python/opencv/face_recognition/train/1662.bmp;37
/home/thomas/Thomas/git-thomas/PythonOpencv/python/opencv/face_recognition/train/1663.bmp;37
/home/thomas/Thomas/git-thomas/PythonOpencv/python/opencv/face_recognition/train/1664.bmp;37
/home/thomas/Thomas/git-thomas/PythonOpencv/python/opencv/face_recognition/train/1665.bmp;37
/home/thomas/Thomas/git-thomas/PythonOpencv/python/opencv/face_recognition/train/1681.bmp;38
/home/thomas/Thomas/git-thomas/PythonOpencv/python/opencv/face_recognition/train/1682.bmp;38
/home/thomas/Thomas/git-thomas/PythonOpencv/python/opencv/face_recognition/train/1683.bmp;38
/home/thomas/Thomas/git-thomas/PythonOpencv/python/opencv/face_recognition/train/1684.bmp;38
/home/thomas/Thomas/git-thomas/PythonOpencv/python/opencv/face_recognition/train/1685.bmp;38
/home/thomas/Thomas/git-thomas/PythonOpencv/python/opencv/face_recognition/train/1701.bmp;38
/home/thomas/Thomas/git-thomas/PythonOpencv/python/opencv/face_recognition/train/1702.bmp;38
/home/thomas/Thomas/git-thomas/PythonOpencv/python/opencv/face_recognition/train/1703.bmp;38
/home/thomas/Thomas/git-thomas/PythonOpencv/python/opencv/face_recognition/train/1704.bmp;38
/home/thomas/Thomas/git-thomas/PythonOpencv/python/opencv/face_recognition/train/1705.bmp;38
/home/thomas/Thomas/git-thomas/PythonOpencv/python/opencv/face_recognition/train/1706.bmp;38
/home/thomas/Thomas/git-thomas/PythonOpencv/python/opencv/face_recognition/train/1707.bmp;38
/home/thomas/Thomas/git-thomas/PythonOpencv/python/opencv/face_recognition/train/1708.bmp;38
/home/thomas/Thomas/git-thomas/PythonOpencv/python/opencv/face_recognition/train/1709.bmp;38
/home/thomas/Thomas/git-thomas/PythonOpencv/python/opencv/face_recognition/train/1710.bmp;38
/home/thomas/Thomas/git-thomas/PythonOpencv/python/opencv/face_recognition/train/1726.bmp;39
/home/thomas/Thomas/git-thomas/PythonOpencv/python/opencv/face_recognition/train/1727.bmp;39
/home/thomas/Thomas/git-thomas/PythonOpencv/python/opencv/face_recognition/train/1728.bmp;39
/home/thomas/Thomas/git-thomas/PythonOpencv/python/opencv/face_recognition/train/1729.bmp;39
/home/thomas/Thomas/git-thomas/PythonOpencv/python/opencv/face_recognition/train/1730.bmp;39
/home/thomas/Thomas/git-thomas/PythonOpencv/python/opencv/face_recognition/train/1746.bmp;39
/home/thomas/Thomas/git-thomas/PythonOpencv/python/opencv/face_recognition/train/1747.bmp;39
/home/thomas/Thomas/git-thomas/PythonOpencv/python/opencv/face_recognition/train/1748.bmp;39
/home/thomas/Thomas/git-thomas/PythonOpencv/python/opencv/face_recognition/train/1749.bmp;39
/home/thomas/Thomas/git-thomas/PythonOpencv/python/opencv/face_recognition/train/1750.bmp;39
/home/thomas/Thomas/git-thomas/PythonOpencv/python/opencv/face_recognition/train/1751.bmp;39
/home/thomas/Thomas/git-thomas/PythonOpencv/python/opencv/face_recognition/train/1752.bmp;39
/home/thomas/Thomas/git-thomas/PythonOpencv/python/opencv/face_recognition/train/1753.bmp;39
/home/thomas/Thomas/git-thomas/PythonOpencv/python/opencv/face_recognition/train/1754.bmp;39
/home/thomas/Thomas/git-thomas/PythonOpencv/python/opencv/face_recognition/train/1755.bmp;39
/home/thomas/Thomas/git-thomas/PythonOpencv/python/opencv/face_recognition/train/1771.bmp;40
/home/thomas/Thomas/git-thomas/PythonOpencv/python/opencv/face_recognition/train/1772.bmp;40
/home/thomas/Thomas/git-thomas/PythonOpencv/python/opencv/face_recognition/train/1773.bmp;40
/home/thomas/Thomas/git-thomas/PythonOpencv/python/opencv/face_recognition/train/1774.bmp;40
/home/thomas/Thomas/git-thomas/PythonOpencv/python/opencv/face_recognition/train/1775.bmp;40
/home/thomas/Thomas/git-thomas/PythonOpencv/python/opencv/face_recognition/train/1791.bmp;40
/home/thomas/Thomas/git-thomas/PythonOpencv/python/opencv/face_recognition/train/1792.bmp;40
/home/thomas/Thomas/git-thomas/PythonOpencv/python/opencv/face_recognition/train/1793.bmp;40
/home/thomas/Thomas/git-thomas/PythonOpencv/python/opencv/face_recognition/train/1794.bmp;40
/home/thomas/Thomas/git-thomas/PythonOpencv/python/opencv/face_recognition/train/1795.bmp;40
/home/thomas/Thomas/git-thomas/PythonOpencv/python/opencv/face_recognition/train/1796.bmp;40
/home/thomas/Thomas/git-thomas/PythonOpencv/python/opencv/face_recognition/train/1797.bmp;40
/home/thomas/Thomas/git-thomas/PythonOpencv/python/opencv/face_recognition/train/1798.bmp;40
/home/thomas/Thomas/git-thomas/PythonOpencv/python/opencv/face_recognition/train/1799.bmp;40
/home/thomas/Thomas/git-thomas/PythonOpencv/python/opencv/face_recognition/train/1800.bmp;40
/home/thomas/Thomas/git-thomas/PythonOpencv/python/opencv/face_recognition/train/1816.bmp;41
/home/thomas/Thomas/git-thomas/PythonOpencv/python/opencv/face_recognition/train/1817.bmp;41
/home/thomas/Thomas/git-thomas/PythonOpencv/python/opencv/face_recognition/train/1818.bmp;41
/home/thomas/Thomas/git-thomas/PythonOpencv/python/opencv/face_recognition/train/1819.bmp;41
/home/thomas/Thomas/git-thomas/PythonOpencv/python/opencv/face_recognition/train/1820.bmp;41
/home/thomas/Thomas/git-thomas/PythonOpencv/python/opencv/face_recognition/train/1836.bmp;41
/home/thomas/Thomas/git-thomas/PythonOpencv/python/opencv/face_recognition/train/1837.bmp;41
/home/thomas/Thomas/git-thomas/PythonOpencv/python/opencv/face_recognition/train/1838.bmp;41
/home/thomas/Thomas/git-thomas/PythonOpencv/python/opencv/face_recognition/train/1839.bmp;41
/home/thomas/Thomas/git-thomas/PythonOpencv/python/opencv/face_recognition/train/1840.bmp;41
/home/thomas/Thomas/git-thomas/PythonOpencv/python/opencv/face_recognition/train/1841.bmp;41
/home/thomas/Thomas/git-thomas/PythonOpencv/python/opencv/face_recognition/train/1842.bmp;41
/home/thomas/Thomas/git-thomas/PythonOpencv/python/opencv/face_recognition/train/1843.bmp;41
/home/thomas/Thomas/git-thomas/PythonOpencv/python/opencv/face_recognition/train/1844.bmp;41
/home/thomas/Thomas/git-thomas/PythonOpencv/python/opencv/face_recognition/train/1845.bmp;41
/home/thomas/Thomas/git-thomas/PythonOpencv/python/opencv/face_recognition/train/1861.bmp;42
/home/thomas/Thomas/git-thomas/PythonOpencv/python/opencv/face_recognition/train/1862.bmp;42
/home/thomas/Thomas/git-thomas/PythonOpencv/python/opencv/face_recognition/train/1863.bmp;42
/home/thomas/Thomas/git-thomas/PythonOpencv/python/opencv/face_recognition/train/1864.bmp;42
/home/thomas/Thomas/git-thomas/PythonOpencv/python/opencv/face_recognition/train/1865.bmp;42
/home/thomas/Thomas/git-thomas/PythonOpencv/python/opencv/face_recognition/train/1881.bmp;42
/home/thomas/Thomas/git-thomas/PythonOpencv/python/opencv/face_recognition/train/1882.bmp;42
/home/thomas/Thomas/git-thomas/PythonOpencv/python/opencv/face_recognition/train/1883.bmp;42
/home/thomas/Thomas/git-thomas/PythonOpencv/python/opencv/face_recognition/train/1884.bmp;42
/home/thomas/Thomas/git-thomas/PythonOpencv/python/opencv/face_recognition/train/1885.bmp;42
/home/thomas/Thomas/git-thomas/PythonOpencv/python/opencv/face_recognition/train/1886.bmp;42
/home/thomas/Thomas/git-thomas/PythonOpencv/python/opencv/face_recognition/train/1887.bmp;42
/home/thomas/Thomas/git-thomas/PythonOpencv/python/opencv/face_recognition/train/1888.bmp;42
/home/thomas/Thomas/git-thomas/PythonOpencv/python/opencv/face_recognition/train/1889.bmp;42
/home/thomas/Thomas/git-thomas/PythonOpencv/python/opencv/face_recognition/train/1890.bmp;42
/home/thomas/Thomas/git-thomas/PythonOpencv/python/opencv/face_recognition/train/1906.bmp;43
/home/thomas/Thomas/git-thomas/PythonOpencv/python/opencv/face_recognition/train/1907.bmp;43
/home/thomas/Thomas/git-thomas/PythonOpencv/python/opencv/face_recognition/train/1908.bmp;43
/home/thomas/Thomas/git-thomas/PythonOpencv/python/opencv/face_recognition/train/1909.bmp;43
/home/thomas/Thomas/git-thomas/PythonOpencv/python/opencv/face_recognition/train/1910.bmp;43
/home/thomas/Thomas/git-thomas/PythonOpencv/python/opencv/face_recognition/train/1926.bmp;43
/home/thomas/Thomas/git-thomas/PythonOpencv/python/opencv/face_recognition/train/1927.bmp;43
/home/thomas/Thomas/git-thomas/PythonOpencv/python/opencv/face_recognition/train/1928.bmp;43
/home/thomas/Thomas/git-thomas/PythonOpencv/python/opencv/face_recognition/train/1929.bmp;43
/home/thomas/Thomas/git-thomas/PythonOpencv/python/opencv/face_recognition/train/1930.bmp;43
/home/thomas/Thomas/git-thomas/PythonOpencv/python/opencv/face_recognition/train/1931.bmp;43
/home/thomas/Thomas/git-thomas/PythonOpencv/python/opencv/face_recognition/train/1932.bmp;43
/home/thomas/Thomas/git-thomas/PythonOpencv/python/opencv/face_recognition/train/1933.bmp;43
/home/thomas/Thomas/git-thomas/PythonOpencv/python/opencv/face_recognition/train/1934.bmp;43
/home/thomas/Thomas/git-thomas/PythonOpencv/python/opencv/face_recognition/train/1935.bmp;43
/home/thomas/Thomas/git-thomas/PythonOpencv/python/opencv/face_recognition/train/1951.bmp;44
/home/thomas/Thomas/git-thomas/PythonOpencv/python/opencv/face_recognition/train/1952.bmp;44
/home/thomas/Thomas/git-thomas/PythonOpencv/python/opencv/face_recognition/train/1953.bmp;44
/home/thomas/Thomas/git-thomas/PythonOpencv/python/opencv/face_recognition/train/1954.bmp;44
/home/thomas/Thomas/git-thomas/PythonOpencv/python/opencv/face_recognition/train/1955.bmp;44
/home/thomas/Thomas/git-thomas/PythonOpencv/python/opencv/face_recognition/train/1971.bmp;44
/home/thomas/Thomas/git-thomas/PythonOpencv/python/opencv/face_recognition/train/1972.bmp;44
/home/thomas/Thomas/git-thomas/PythonOpencv/python/opencv/face_recognition/train/1973.bmp;44
/home/thomas/Thomas/git-thomas/PythonOpencv/python/opencv/face_recognition/train/1974.bmp;44
/home/thomas/Thomas/git-thomas/PythonOpencv/python/opencv/face_recognition/train/1975.bmp;44
/home/thomas/Thomas/git-thomas/PythonOpencv/python/opencv/face_recognition/train/1976.bmp;44
/home/thomas/Thomas/git-thomas/PythonOpencv/python/opencv/face_recognition/train/1977.bmp;44
/home/thomas/Thomas/git-thomas/PythonOpencv/python/opencv/face_recognition/train/1978.bmp;44
/home/thomas/Thomas/git-thomas/PythonOpencv/python/opencv/face_recognition/train/1979.bmp;44
/home/thomas/Thomas/git-thomas/PythonOpencv/python/opencv/face_recognition/train/1980.bmp;44
/home/thomas/Thomas/git-thomas/PythonOpencv/python/opencv/face_recognition/train/1996.bmp;45
/home/thomas/Thomas/git-thomas/PythonOpencv/python/opencv/face_recognition/train/1997.bmp;45
/home/thomas/Thomas/git-thomas/PythonOpencv/python/opencv/face_recognition/train/1998.bmp;45
/home/thomas/Thomas/git-thomas/PythonOpencv/python/opencv/face_recognition/train/1999.bmp;45
/home/thomas/Thomas/git-thomas/PythonOpencv/python/opencv/face_recognition/train/2000.bmp;45
/home/thomas/Thomas/git-thomas/PythonOpencv/python/opencv/face_recognition/train/2016.bmp;45
/home/thomas/Thomas/git-thomas/PythonOpencv/python/opencv/face_recognition/train/2017.bmp;45
/home/thomas/Thomas/git-thomas/PythonOpencv/python/opencv/face_recognition/train/2018.bmp;45
/home/thomas/Thomas/git-thomas/PythonOpencv/python/opencv/face_recognition/train/2019.bmp;45
/home/thomas/Thomas/git-thomas/PythonOpencv/python/opencv/face_recognition/train/2020.bmp;45
/home/thomas/Thomas/git-thomas/PythonOpencv/python/opencv/face_recognition/train/2021.bmp;45
/home/thomas/Thomas/git-thomas/PythonOpencv/python/opencv/face_recognition/train/2022.bmp;45
/home/thomas/Thomas/git-thomas/PythonOpencv/python/opencv/face_recognition/train/2023.bmp;45
/home/thomas/Thomas/git-thomas/PythonOpencv/python/opencv/face_recognition/train/2024.bmp;45
/home/thomas/Thomas/git-thomas/PythonOpencv/python/opencv/face_recognition/train/2025.bmp;45
/home/thomas/Thomas/git-thomas/PythonOpencv/python/opencv/face_recognition/train/2041.bmp;46
/home/thomas/Thomas/git-thomas/PythonOpencv/python/opencv/face_recognition/train/2042.bmp;46
/home/thomas/Thomas/git-thomas/PythonOpencv/python/opencv/face_recognition/train/2043.bmp;46
/home/thomas/Thomas/git-thomas/PythonOpencv/python/opencv/face_recognition/train/2044.bmp;46
/home/thomas/Thomas/git-thomas/PythonOpencv/python/opencv/face_recognition/train/2045.bmp;46
/home/thomas/Thomas/git-thomas/PythonOpencv/python/opencv/face_recognition/train/2061.bmp;46
/home/thomas/Thomas/git-thomas/PythonOpencv/python/opencv/face_recognition/train/2062.bmp;46
/home/thomas/Thomas/git-thomas/PythonOpencv/python/opencv/face_recognition/train/2063.bmp;46
/home/thomas/Thomas/git-thomas/PythonOpencv/python/opencv/face_recognition/train/2064.bmp;46
/home/thomas/Thomas/git-thomas/PythonOpencv/python/opencv/face_recognition/train/2065.bmp;46
/home/thomas/Thomas/git-thomas/PythonOpencv/python/opencv/face_recognition/train/2066.bmp;46
/home/thomas/Thomas/git-thomas/PythonOpencv/python/opencv/face_recognition/train/2067.bmp;46
/home/thomas/Thomas/git-thomas/PythonOpencv/python/opencv/face_recognition/train/2068.bmp;46
/home/thomas/Thomas/git-thomas/PythonOpencv/python/opencv/face_recognition/train/2069.bmp;46
/home/thomas/Thomas/git-thomas/PythonOpencv/python/opencv/face_recognition/train/2070.bmp;46
/home/thomas/Thomas/git-thomas/PythonOpencv/python/opencv/face_recognition/train/2086.bmp;47
/home/thomas/Thomas/git-thomas/PythonOpencv/python/opencv/face_recognition/train/2087.bmp;47
/home/thomas/Thomas/git-thomas/PythonOpencv/python/opencv/face_recognition/train/2088.bmp;47
/home/thomas/Thomas/git-thomas/PythonOpencv/python/opencv/face_recognition/train/2089.bmp;47
/home/thomas/Thomas/git-thomas/PythonOpencv/python/opencv/face_recognition/train/2090.bmp;47
/home/thomas/Thomas/git-thomas/PythonOpencv/python/opencv/face_recognition/train/2106.bmp;47
/home/thomas/Thomas/git-thomas/PythonOpencv/python/opencv/face_recognition/train/2107.bmp;47
/home/thomas/Thomas/git-thomas/PythonOpencv/python/opencv/face_recognition/train/2108.bmp;47
/home/thomas/Thomas/git-thomas/PythonOpencv/python/opencv/face_recognition/train/2109.bmp;47
/home/thomas/Thomas/git-thomas/PythonOpencv/python/opencv/face_recognition/train/2110.bmp;47
/home/thomas/Thomas/git-thomas/PythonOpencv/python/opencv/face_recognition/train/2111.bmp;47
/home/thomas/Thomas/git-thomas/PythonOpencv/python/opencv/face_recognition/train/2112.bmp;47
/home/thomas/Thomas/git-thomas/PythonOpencv/python/opencv/face_recognition/train/2113.bmp;47
/home/thomas/Thomas/git-thomas/PythonOpencv/python/opencv/face_recognition/train/2114.bmp;47
/home/thomas/Thomas/git-thomas/PythonOpencv/python/opencv/face_recognition/train/2115.bmp;47
/home/thomas/Thomas/git-thomas/PythonOpencv/python/opencv/face_recognition/train/2131.bmp;48
/home/thomas/Thomas/git-thomas/PythonOpencv/python/opencv/face_recognition/train/2132.bmp;48
/home/thomas/Thomas/git-thomas/PythonOpencv/python/opencv/face_recognition/train/2133.bmp;48
/home/thomas/Thomas/git-thomas/PythonOpencv/python/opencv/face_recognition/train/2134.bmp;48
/home/thomas/Thomas/git-thomas/PythonOpencv/python/opencv/face_recognition/train/2135.bmp;48
/home/thomas/Thomas/git-thomas/PythonOpencv/python/opencv/face_recognition/train/2151.bmp;48
/home/thomas/Thomas/git-thomas/PythonOpencv/python/opencv/face_recognition/train/2152.bmp;48
/home/thomas/Thomas/git-thomas/PythonOpencv/python/opencv/face_recognition/train/2153.bmp;48
/home/thomas/Thomas/git-thomas/PythonOpencv/python/opencv/face_recognition/train/2154.bmp;48
/home/thomas/Thomas/git-thomas/PythonOpencv/python/opencv/face_recognition/train/2155.bmp;48
/home/thomas/Thomas/git-thomas/PythonOpencv/python/opencv/face_recognition/train/2156.bmp;48
/home/thomas/Thomas/git-thomas/PythonOpencv/python/opencv/face_recognition/train/2157.bmp;48
/home/thomas/Thomas/git-thomas/PythonOpencv/python/opencv/face_recognition/train/2158.bmp;48
/home/thomas/Thomas/git-thomas/PythonOpencv/python/opencv/face_recognition/train/2159.bmp;48
/home/thomas/Thomas/git-thomas/PythonOpencv/python/opencv/face_recognition/train/2160.bmp;48
/home/thomas/Thomas/git-thomas/PythonOpencv/python/opencv/face_recognition/train/2176.bmp;49
/home/thomas/Thomas/git-thomas/PythonOpencv/python/opencv/face_recognition/train/2177.bmp;49
/home/thomas/Thomas/git-thomas/PythonOpencv/python/opencv/face_recognition/train/2178.bmp;49
/home/thomas/Thomas/git-thomas/PythonOpencv/python/opencv/face_recognition/train/2179.bmp;49
/home/thomas/Thomas/git-thomas/PythonOpencv/python/opencv/face_recognition/train/2180.bmp;49
/home/thomas/Thomas/git-thomas/PythonOpencv/python/opencv/face_recognition/train/2196.bmp;49
/home/thomas/Thomas/git-thomas/PythonOpencv/python/opencv/face_recognition/train/2197.bmp;49
/home/thomas/Thomas/git-thomas/PythonOpencv/python/opencv/face_recognition/train/2198.bmp;49
/home/thomas/Thomas/git-thomas/PythonOpencv/python/opencv/face_recognition/train/2199.bmp;49
/home/thomas/Thomas/git-thomas/PythonOpencv/python/opencv/face_recognition/train/2200.bmp;49
/home/thomas/Thomas/git-thomas/PythonOpencv/python/opencv/face_recognition/train/2201.bmp;49
/home/thomas/Thomas/git-thomas/PythonOpencv/python/opencv/face_recognition/train/2202.bmp;49
/home/thomas/Thomas/git-thomas/PythonOpencv/python/opencv/face_recognition/train/2203.bmp;49
/home/thomas/Thomas/git-thomas/PythonOpencv/python/opencv/face_recognition/train/2204.bmp;49
/home/thomas/Thomas/git-thomas/PythonOpencv/python/opencv/face_recognition/train/2205.bmp;49
/home/thomas/Thomas/git-thomas/PythonOpencv/python/opencv/face_recognition/train/2221.bmp;50
/home/thomas/Thomas/git-thomas/PythonOpencv/python/opencv/face_recognition/train/2222.bmp;50
/home/thomas/Thomas/git-thomas/PythonOpencv/python/opencv/face_recognition/train/2223.bmp;50
/home/thomas/Thomas/git-thomas/PythonOpencv/python/opencv/face_recognition/train/2224.bmp;50
/home/thomas/Thomas/git-thomas/PythonOpencv/python/opencv/face_recognition/train/2225.bmp;50
/home/thomas/Thomas/git-thomas/PythonOpencv/python/opencv/face_recognition/train/2241.bmp;50
/home/thomas/Thomas/git-thomas/PythonOpencv/python/opencv/face_recognition/train/2242.bmp;50
/home/thomas/Thomas/git-thomas/PythonOpencv/python/opencv/face_recognition/train/2243.bmp;50
/home/thomas/Thomas/git-thomas/PythonOpencv/python/opencv/face_recognition/train/2244.bmp;50
/home/thomas/Thomas/git-thomas/PythonOpencv/python/opencv/face_recognition/train/2245.bmp;50
/home/thomas/Thomas/git-thomas/PythonOpencv/python/opencv/face_recognition/train/2246.bmp;50
/home/thomas/Thomas/git-thomas/PythonOpencv/python/opencv/face_recognition/train/2247.bmp;50
/home/thomas/Thomas/git-thomas/PythonOpencv/python/opencv/face_recognition/train/2248.bmp;50
/home/thomas/Thomas/git-thomas/PythonOpencv/python/opencv/face_recognition/train/2249.bmp;50
/home/thomas/Thomas/git-thomas/PythonOpencv/python/opencv/face_recognition/train/2250.bmp;50
/home/thomas/Thomas/git-thomas/PythonOpencv/python/opencv/face_recognition/train/2266.bmp;51
/home/thomas/Thomas/git-thomas/PythonOpencv/python/opencv/face_recognition/train/2267.bmp;51
/home/thomas/Thomas/git-thomas/PythonOpencv/python/opencv/face_recognition/train/2268.bmp;51
/home/thomas/Thomas/git-thomas/PythonOpencv/python/opencv/face_recognition/train/2269.bmp;51
/home/thomas/Thomas/git-thomas/PythonOpencv/python/opencv/face_recognition/train/2270.bmp;51
/home/thomas/Thomas/git-thomas/PythonOpencv/python/opencv/face_recognition/train/2286.bmp;51
/home/thomas/Thomas/git-thomas/PythonOpencv/python/opencv/face_recognition/train/2287.bmp;51
/home/thomas/Thomas/git-thomas/PythonOpencv/python/opencv/face_recognition/train/2288.bmp;51
/home/thomas/Thomas/git-thomas/PythonOpencv/python/opencv/face_recognition/train/2289.bmp;51
/home/thomas/Thomas/git-thomas/PythonOpencv/python/opencv/face_recognition/train/2290.bmp;51
/home/thomas/Thomas/git-thomas/PythonOpencv/python/opencv/face_recognition/train/2291.bmp;51
/home/thomas/Thomas/git-thomas/PythonOpencv/python/opencv/face_recognition/train/2292.bmp;51
/home/thomas/Thomas/git-thomas/PythonOpencv/python/opencv/face_recognition/train/2293.bmp;51
/home/thomas/Thomas/git-thomas/PythonOpencv/python/opencv/face_recognition/train/2294.bmp;51
/home/thomas/Thomas/git-thomas/PythonOpencv/python/opencv/face_recognition/train/2295.bmp;51
/home/thomas/Thomas/git-thomas/PythonOpencv/python/opencv/face_recognition/train/2311.bmp;52
/home/thomas/Thomas/git-thomas/PythonOpencv/python/opencv/face_recognition/train/2312.bmp;52
/home/thomas/Thomas/git-thomas/PythonOpencv/python/opencv/face_recognition/train/2313.bmp;52
/home/thomas/Thomas/git-thomas/PythonOpencv/python/opencv/face_recognition/train/2314.bmp;52
/home/thomas/Thomas/git-thomas/PythonOpencv/python/opencv/face_recognition/train/2315.bmp;52
/home/thomas/Thomas/git-thomas/PythonOpencv/python/opencv/face_recognition/train/2331.bmp;52
/home/thomas/Thomas/git-thomas/PythonOpencv/python/opencv/face_recognition/train/2332.bmp;52
/home/thomas/Thomas/git-thomas/PythonOpencv/python/opencv/face_recognition/train/2333.bmp;52
/home/thomas/Thomas/git-thomas/PythonOpencv/python/opencv/face_recognition/train/2334.bmp;52
/home/thomas/Thomas/git-thomas/PythonOpencv/python/opencv/face_recognition/train/2335.bmp;52
/home/thomas/Thomas/git-thomas/PythonOpencv/python/opencv/face_recognition/train/2336.bmp;52
/home/thomas/Thomas/git-thomas/PythonOpencv/python/opencv/face_recognition/train/2337.bmp;52
/home/thomas/Thomas/git-thomas/PythonOpencv/python/opencv/face_recognition/train/2338.bmp;52
/home/thomas/Thomas/git-thomas/PythonOpencv/python/opencv/face_recognition/train/2339.bmp;52
/home/thomas/Thomas/git-thomas/PythonOpencv/python/opencv/face_recognition/train/2340.bmp;52
/home/thomas/Thomas/git-thomas/PythonOpencv/python/opencv/face_recognition/train/2356.bmp;53
/home/thomas/Thomas/git-thomas/PythonOpencv/python/opencv/face_recognition/train/2357.bmp;53
/home/thomas/Thomas/git-thomas/PythonOpencv/python/opencv/face_recognition/train/2358.bmp;53
/home/thomas/Thomas/git-thomas/PythonOpencv/python/opencv/face_recognition/train/2359.bmp;53
/home/thomas/Thomas/git-thomas/PythonOpencv/python/opencv/face_recognition/train/2360.bmp;53
/home/thomas/Thomas/git-thomas/PythonOpencv/python/opencv/face_recognition/train/2376.bmp;53
/home/thomas/Thomas/git-thomas/PythonOpencv/python/opencv/face_recognition/train/2377.bmp;53
/home/thomas/Thomas/git-thomas/PythonOpencv/python/opencv/face_recognition/train/2378.bmp;53
/home/thomas/Thomas/git-thomas/PythonOpencv/python/opencv/face_recognition/train/2379.bmp;53
/home/thomas/Thomas/git-thomas/PythonOpencv/python/opencv/face_recognition/train/2380.bmp;53
/home/thomas/Thomas/git-thomas/PythonOpencv/python/opencv/face_recognition/train/2381.bmp;53
/home/thomas/Thomas/git-thomas/PythonOpencv/python/opencv/face_recognition/train/2382.bmp;53
/home/thomas/Thomas/git-thomas/PythonOpencv/python/opencv/face_recognition/train/2383.bmp;53
/home/thomas/Thomas/git-thomas/PythonOpencv/python/opencv/face_recognition/train/2384.bmp;53
/home/thomas/Thomas/git-thomas/PythonOpencv/python/opencv/face_recognition/train/2385.bmp;53
/home/thomas/Thomas/git-thomas/PythonOpencv/python/opencv/face_recognition/train/2401.bmp;54
/home/thomas/Thomas/git-thomas/PythonOpencv/python/opencv/face_recognition/train/2402.bmp;54
/home/thomas/Thomas/git-thomas/PythonOpencv/python/opencv/face_recognition/train/2403.bmp;54
/home/thomas/Thomas/git-thomas/PythonOpencv/python/opencv/face_recognition/train/2404.bmp;54
/home/thomas/Thomas/git-thomas/PythonOpencv/python/opencv/face_recognition/train/2405.bmp;54
/home/thomas/Thomas/git-thomas/PythonOpencv/python/opencv/face_recognition/train/2421.bmp;54
/home/thomas/Thomas/git-thomas/PythonOpencv/python/opencv/face_recognition/train/2422.bmp;54
/home/thomas/Thomas/git-thomas/PythonOpencv/python/opencv/face_recognition/train/2423.bmp;54
/home/thomas/Thomas/git-thomas/PythonOpencv/python/opencv/face_recognition/train/2424.bmp;54
/home/thomas/Thomas/git-thomas/PythonOpencv/python/opencv/face_recognition/train/2425.bmp;54
/home/thomas/Thomas/git-thomas/PythonOpencv/python/opencv/face_recognition/train/2426.bmp;54
/home/thomas/Thomas/git-thomas/PythonOpencv/python/opencv/face_recognition/train/2427.bmp;54
/home/thomas/Thomas/git-thomas/PythonOpencv/python/opencv/face_recognition/train/2428.bmp;54
/home/thomas/Thomas/git-thomas/PythonOpencv/python/opencv/face_recognition/train/2429.bmp;54
/home/thomas/Thomas/git-thomas/PythonOpencv/python/opencv/face_recognition/train/2430.bmp;54
/home/thomas/Thomas/git-thomas/PythonOpencv/python/opencv/face_recognition/train/2446.bmp;55
/home/thomas/Thomas/git-thomas/PythonOpencv/python/opencv/face_recognition/train/2447.bmp;55
/home/thomas/Thomas/git-thomas/PythonOpencv/python/opencv/face_recognition/train/2448.bmp;55
/home/thomas/Thomas/git-thomas/PythonOpencv/python/opencv/face_recognition/train/2449.bmp;55
/home/thomas/Thomas/git-thomas/PythonOpencv/python/opencv/face_recognition/train/2450.bmp;55
/home/thomas/Thomas/git-thomas/PythonOpencv/python/opencv/face_recognition/train/2466.bmp;55
/home/thomas/Thomas/git-thomas/PythonOpencv/python/opencv/face_recognition/train/2467.bmp;55
/home/thomas/Thomas/git-thomas/PythonOpencv/python/opencv/face_recognition/train/2468.bmp;55
/home/thomas/Thomas/git-thomas/PythonOpencv/python/opencv/face_recognition/train/2469.bmp;55
/home/thomas/Thomas/git-thomas/PythonOpencv/python/opencv/face_recognition/train/2470.bmp;55
/home/thomas/Thomas/git-thomas/PythonOpencv/python/opencv/face_recognition/train/2471.bmp;55
/home/thomas/Thomas/git-thomas/PythonOpencv/python/opencv/face_recognition/train/2472.bmp;55
/home/thomas/Thomas/git-thomas/PythonOpencv/python/opencv/face_recognition/train/2473.bmp;55
/home/thomas/Thomas/git-thomas/PythonOpencv/python/opencv/face_recognition/train/2474.bmp;55
/home/thomas/Thomas/git-thomas/PythonOpencv/python/opencv/face_recognition/train/2475.bmp;55
/home/thomas/Thomas/git-thomas/PythonOpencv/python/opencv/face_recognition/train/2491.bmp;56
/home/thomas/Thomas/git-thomas/PythonOpencv/python/opencv/face_recognition/train/2492.bmp;56
/home/thomas/Thomas/git-thomas/PythonOpencv/python/opencv/face_recognition/train/2493.bmp;56
/home/thomas/Thomas/git-thomas/PythonOpencv/python/opencv/face_recognition/train/2494.bmp;56
/home/thomas/Thomas/git-thomas/PythonOpencv/python/opencv/face_recognition/train/2495.bmp;56
/home/thomas/Thomas/git-thomas/PythonOpencv/python/opencv/face_recognition/train/2511.bmp;56
/home/thomas/Thomas/git-thomas/PythonOpencv/python/opencv/face_recognition/train/2512.bmp;56
/home/thomas/Thomas/git-thomas/PythonOpencv/python/opencv/face_recognition/train/2513.bmp;56
/home/thomas/Thomas/git-thomas/PythonOpencv/python/opencv/face_recognition/train/2514.bmp;56
/home/thomas/Thomas/git-thomas/PythonOpencv/python/opencv/face_recognition/train/2515.bmp;56
/home/thomas/Thomas/git-thomas/PythonOpencv/python/opencv/face_recognition/train/2516.bmp;56
/home/thomas/Thomas/git-thomas/PythonOpencv/python/opencv/face_recognition/train/2517.bmp;56
/home/thomas/Thomas/git-thomas/PythonOpencv/python/opencv/face_recognition/train/2518.bmp;56
/home/thomas/Thomas/git-thomas/PythonOpencv/python/opencv/face_recognition/train/2519.bmp;56
/home/thomas/Thomas/git-thomas/PythonOpencv/python/opencv/face_recognition/train/2520.bmp;56
/home/thomas/Thomas/git-thomas/PythonOpencv/python/opencv/face_recognition/train/2536.bmp;57
/home/thomas/Thomas/git-thomas/PythonOpencv/python/opencv/face_recognition/train/2537.bmp;57
/home/thomas/Thomas/git-thomas/PythonOpencv/python/opencv/face_recognition/train/2538.bmp;57
/home/thomas/Thomas/git-thomas/PythonOpencv/python/opencv/face_recognition/train/2539.bmp;57
/home/thomas/Thomas/git-thomas/PythonOpencv/python/opencv/face_recognition/train/2540.bmp;57
/home/thomas/Thomas/git-thomas/PythonOpencv/python/opencv/face_recognition/train/2556.bmp;57
/home/thomas/Thomas/git-thomas/PythonOpencv/python/opencv/face_recognition/train/2557.bmp;57
/home/thomas/Thomas/git-thomas/PythonOpencv/python/opencv/face_recognition/train/2558.bmp;57
/home/thomas/Thomas/git-thomas/PythonOpencv/python/opencv/face_recognition/train/2559.bmp;57
/home/thomas/Thomas/git-thomas/PythonOpencv/python/opencv/face_recognition/train/2560.bmp;57
/home/thomas/Thomas/git-thomas/PythonOpencv/python/opencv/face_recognition/train/2561.bmp;57
/home/thomas/Thomas/git-thomas/PythonOpencv/python/opencv/face_recognition/train/2562.bmp;57
/home/thomas/Thomas/git-thomas/PythonOpencv/python/opencv/face_recognition/train/2563.bmp;57
/home/thomas/Thomas/git-thomas/PythonOpencv/python/opencv/face_recognition/train/2564.bmp;57
/home/thomas/Thomas/git-thomas/PythonOpencv/python/opencv/face_recognition/train/2565.bmp;57
/home/thomas/Thomas/git-thomas/PythonOpencv/python/opencv/face_recognition/train/2581.bmp;58
/home/thomas/Thomas/git-thomas/PythonOpencv/python/opencv/face_recognition/train/2582.bmp;58
/home/thomas/Thomas/git-thomas/PythonOpencv/python/opencv/face_recognition/train/2583.bmp;58
/home/thomas/Thomas/git-thomas/PythonOpencv/python/opencv/face_recognition/train/2584.bmp;58
/home/thomas/Thomas/git-thomas/PythonOpencv/python/opencv/face_recognition/train/2585.bmp;58
/home/thomas/Thomas/git-thomas/PythonOpencv/python/opencv/face_recognition/train/2601.bmp;58
/home/thomas/Thomas/git-thomas/PythonOpencv/python/opencv/face_recognition/train/2602.bmp;58
/home/thomas/Thomas/git-thomas/PythonOpencv/python/opencv/face_recognition/train/2603.bmp;58
/home/thomas/Thomas/git-thomas/PythonOpencv/python/opencv/face_recognition/train/2604.bmp;58
/home/thomas/Thomas/git-thomas/PythonOpencv/python/opencv/face_recognition/train/2605.bmp;58
/home/thomas/Thomas/git-thomas/PythonOpencv/python/opencv/face_recognition/train/2606.bmp;58
/home/thomas/Thomas/git-thomas/PythonOpencv/python/opencv/face_recognition/train/2607.bmp;58
/home/thomas/Thomas/git-thomas/PythonOpencv/python/opencv/face_recognition/train/2608.bmp;58
/home/thomas/Thomas/git-thomas/PythonOpencv/python/opencv/face_recognition/train/2609.bmp;58
/home/thomas/Thomas/git-thomas/PythonOpencv/python/opencv/face_recognition/train/2610.bmp;58
/home/thomas/Thomas/git-thomas/PythonOpencv/python/opencv/face_recognition/train/2626.bmp;59
/home/thomas/Thomas/git-thomas/PythonOpencv/python/opencv/face_recognition/train/2627.bmp;59
/home/thomas/Thomas/git-thomas/PythonOpencv/python/opencv/face_recognition/train/2628.bmp;59
/home/thomas/Thomas/git-thomas/PythonOpencv/python/opencv/face_recognition/train/2629.bmp;59
/home/thomas/Thomas/git-thomas/PythonOpencv/python/opencv/face_recognition/train/2630.bmp;59
/home/thomas/Thomas/git-thomas/PythonOpencv/python/opencv/face_recognition/train/2646.bmp;59
/home/thomas/Thomas/git-thomas/PythonOpencv/python/opencv/face_recognition/train/2647.bmp;59
/home/thomas/Thomas/git-thomas/PythonOpencv/python/opencv/face_recognition/train/2648.bmp;59
/home/thomas/Thomas/git-thomas/PythonOpencv/python/opencv/face_recognition/train/2649.bmp;59
/home/thomas/Thomas/git-thomas/PythonOpencv/python/opencv/face_recognition/train/2650.bmp;59
/home/thomas/Thomas/git-thomas/PythonOpencv/python/opencv/face_recognition/train/2651.bmp;59
/home/thomas/Thomas/git-thomas/PythonOpencv/python/opencv/face_recognition/train/2652.bmp;59
/home/thomas/Thomas/git-thomas/PythonOpencv/python/opencv/face_recognition/train/2653.bmp;59
/home/thomas/Thomas/git-thomas/PythonOpencv/python/opencv/face_recognition/train/2654.bmp;59
/home/thomas/Thomas/git-thomas/PythonOpencv/python/opencv/face_recognition/train/2655.bmp;59
/home/thomas/Thomas/git-thomas/PythonOpencv/python/opencv/face_recognition/train/2671.bmp;60
/home/thomas/Thomas/git-thomas/PythonOpencv/python/opencv/face_recognition/train/2672.bmp;60
/home/thomas/Thomas/git-thomas/PythonOpencv/python/opencv/face_recognition/train/2673.bmp;60
/home/thomas/Thomas/git-thomas/PythonOpencv/python/opencv/face_recognition/train/2674.bmp;60
/home/thomas/Thomas/git-thomas/PythonOpencv/python/opencv/face_recognition/train/2675.bmp;60
/home/thomas/Thomas/git-thomas/PythonOpencv/python/opencv/face_recognition/train/2691.bmp;60
/home/thomas/Thomas/git-thomas/PythonOpencv/python/opencv/face_recognition/train/2692.bmp;60
/home/thomas/Thomas/git-thomas/PythonOpencv/python/opencv/face_recognition/train/2693.bmp;60
/home/thomas/Thomas/git-thomas/PythonOpencv/python/opencv/face_recognition/train/2694.bmp;60
/home/thomas/Thomas/git-thomas/PythonOpencv/python/opencv/face_recognition/train/2695.bmp;60
/home/thomas/Thomas/git-thomas/PythonOpencv/python/opencv/face_recognition/train/2696.bmp;60
/home/thomas/Thomas/git-thomas/PythonOpencv/python/opencv/face_recognition/train/2697.bmp;60
/home/thomas/Thomas/git-thomas/PythonOpencv/python/opencv/face_recognition/train/2698.bmp;60
/home/thomas/Thomas/git-thomas/PythonOpencv/python/opencv/face_recognition/train/2699.bmp;60
/home/thomas/Thomas/git-thomas/PythonOpencv/python/opencv/face_recognition/train/2700.bmp;60
/home/thomas/Thomas/git-thomas/PythonOpencv/python/opencv/face_recognition/train/2716.bmp;61
/home/thomas/Thomas/git-thomas/PythonOpencv/python/opencv/face_recognition/train/2717.bmp;61
/home/thomas/Thomas/git-thomas/PythonOpencv/python/opencv/face_recognition/train/2718.bmp;61
/home/thomas/Thomas/git-thomas/PythonOpencv/python/opencv/face_recognition/train/2719.bmp;61
/home/thomas/Thomas/git-thomas/PythonOpencv/python/opencv/face_recognition/train/2720.bmp;61
/home/thomas/Thomas/git-thomas/PythonOpencv/python/opencv/face_recognition/train/2736.bmp;61
/home/thomas/Thomas/git-thomas/PythonOpencv/python/opencv/face_recognition/train/2737.bmp;61
/home/thomas/Thomas/git-thomas/PythonOpencv/python/opencv/face_recognition/train/2738.bmp;61
/home/thomas/Thomas/git-thomas/PythonOpencv/python/opencv/face_recognition/train/2739.bmp;61
/home/thomas/Thomas/git-thomas/PythonOpencv/python/opencv/face_recognition/train/2740.bmp;61
/home/thomas/Thomas/git-thomas/PythonOpencv/python/opencv/face_recognition/train/2741.bmp;61
/home/thomas/Thomas/git-thomas/PythonOpencv/python/opencv/face_recognition/train/2742.bmp;61
/home/thomas/Thomas/git-thomas/PythonOpencv/python/opencv/face_recognition/train/2743.bmp;61
/home/thomas/Thomas/git-thomas/PythonOpencv/python/opencv/face_recognition/train/2744.bmp;61
/home/thomas/Thomas/git-thomas/PythonOpencv/python/opencv/face_recognition/train/2745.bmp;61
/home/thomas/Thomas/git-thomas/PythonOpencv/python/opencv/face_recognition/train/2761.bmp;62
/home/thomas/Thomas/git-thomas/PythonOpencv/python/opencv/face_recognition/train/2762.bmp;62
/home/thomas/Thomas/git-thomas/PythonOpencv/python/opencv/face_recognition/train/2763.bmp;62
/home/thomas/Thomas/git-thomas/PythonOpencv/python/opencv/face_recognition/train/2764.bmp;62
/home/thomas/Thomas/git-thomas/PythonOpencv/python/opencv/face_recognition/train/2765.bmp;62
/home/thomas/Thomas/git-thomas/PythonOpencv/python/opencv/face_recognition/train/2781.bmp;62
/home/thomas/Thomas/git-thomas/PythonOpencv/python/opencv/face_recognition/train/2782.bmp;62
/home/thomas/Thomas/git-thomas/PythonOpencv/python/opencv/face_recognition/train/2783.bmp;62
/home/thomas/Thomas/git-thomas/PythonOpencv/python/opencv/face_recognition/train/2784.bmp;62
/home/thomas/Thomas/git-thomas/PythonOpencv/python/opencv/face_recognition/train/2785.bmp;62
/home/thomas/Thomas/git-thomas/PythonOpencv/python/opencv/face_recognition/train/2786.bmp;62
/home/thomas/Thomas/git-thomas/PythonOpencv/python/opencv/face_recognition/train/2787.bmp;62
/home/thomas/Thomas/git-thomas/PythonOpencv/python/opencv/face_recognition/train/2788.bmp;62
/home/thomas/Thomas/git-thomas/PythonOpencv/python/opencv/face_recognition/train/2789.bmp;62
/home/thomas/Thomas/git-thomas/PythonOpencv/python/opencv/face_recognition/train/2790.bmp;62
/home/thomas/Thomas/git-thomas/PythonOpencv/python/opencv/face_recognition/train/2806.bmp;63
/home/thomas/Thomas/git-thomas/PythonOpencv/python/opencv/face_recognition/train/2807.bmp;63
/home/thomas/Thomas/git-thomas/PythonOpencv/python/opencv/face_recognition/train/2808.bmp;63
/home/thomas/Thomas/git-thomas/PythonOpencv/python/opencv/face_recognition/train/2809.bmp;63
/home/thomas/Thomas/git-thomas/PythonOpencv/python/opencv/face_recognition/train/2810.bmp;63
/home/thomas/Thomas/git-thomas/PythonOpencv/python/opencv/face_recognition/train/2826.bmp;63
/home/thomas/Thomas/git-thomas/PythonOpencv/python/opencv/face_recognition/train/2827.bmp;63
/home/thomas/Thomas/git-thomas/PythonOpencv/python/opencv/face_recognition/train/2828.bmp;63
/home/thomas/Thomas/git-thomas/PythonOpencv/python/opencv/face_recognition/train/2829.bmp;63
/home/thomas/Thomas/git-thomas/PythonOpencv/python/opencv/face_recognition/train/2830.bmp;63
/home/thomas/Thomas/git-thomas/PythonOpencv/python/opencv/face_recognition/train/2831.bmp;63
/home/thomas/Thomas/git-thomas/PythonOpencv/python/opencv/face_recognition/train/2832.bmp;63
/home/thomas/Thomas/git-thomas/PythonOpencv/python/opencv/face_recognition/train/2833.bmp;63
/home/thomas/Thomas/git-thomas/PythonOpencv/python/opencv/face_recognition/train/2834.bmp;63
/home/thomas/Thomas/git-thomas/PythonOpencv/python/opencv/face_recognition/train/2835.bmp;63
/home/thomas/Thomas/git-thomas/PythonOpencv/python/opencv/face_recognition/train/2851.bmp;64
/home/thomas/Thomas/git-thomas/PythonOpencv/python/opencv/face_recognition/train/2852.bmp;64
/home/thomas/Thomas/git-thomas/PythonOpencv/python/opencv/face_recognition/train/2853.bmp;64
/home/thomas/Thomas/git-thomas/PythonOpencv/python/opencv/face_recognition/train/2854.bmp;64
/home/thomas/Thomas/git-thomas/PythonOpencv/python/opencv/face_recognition/train/2855.bmp;64
/home/thomas/Thomas/git-thomas/PythonOpencv/python/opencv/face_recognition/train/2871.bmp;64
/home/thomas/Thomas/git-thomas/PythonOpencv/python/opencv/face_recognition/train/2872.bmp;64
/home/thomas/Thomas/git-thomas/PythonOpencv/python/opencv/face_recognition/train/2873.bmp;64
/home/thomas/Thomas/git-thomas/PythonOpencv/python/opencv/face_recognition/train/2874.bmp;64
/home/thomas/Thomas/git-thomas/PythonOpencv/python/opencv/face_recognition/train/2875.bmp;64
/home/thomas/Thomas/git-thomas/PythonOpencv/python/opencv/face_recognition/train/2876.bmp;64
/home/thomas/Thomas/git-thomas/PythonOpencv/python/opencv/face_recognition/train/2877.bmp;64
/home/thomas/Thomas/git-thomas/PythonOpencv/python/opencv/face_recognition/train/2878.bmp;64
/home/thomas/Thomas/git-thomas/PythonOpencv/python/opencv/face_recognition/train/2879.bmp;64
/home/thomas/Thomas/git-thomas/PythonOpencv/python/opencv/face_recognition/train/2880.bmp;64
/home/thomas/Thomas/git-thomas/PythonOpencv/python/opencv/face_recognition/train/2896.bmp;65
/home/thomas/Thomas/git-thomas/PythonOpencv/python/opencv/face_recognition/train/2897.bmp;65
/home/thomas/Thomas/git-thomas/PythonOpencv/python/opencv/face_recognition/train/2898.bmp;65
/home/thomas/Thomas/git-thomas/PythonOpencv/python/opencv/face_recognition/train/2899.bmp;65
/home/thomas/Thomas/git-thomas/PythonOpencv/python/opencv/face_recognition/train/2900.bmp;65
/home/thomas/Thomas/git-thomas/PythonOpencv/python/opencv/face_recognition/train/2916.bmp;65
/home/thomas/Thomas/git-thomas/PythonOpencv/python/opencv/face_recognition/train/2917.bmp;65
/home/thomas/Thomas/git-thomas/PythonOpencv/python/opencv/face_recognition/train/2918.bmp;65
/home/thomas/Thomas/git-thomas/PythonOpencv/python/opencv/face_recognition/train/2919.bmp;65
/home/thomas/Thomas/git-thomas/PythonOpencv/python/opencv/face_recognition/train/2920.bmp;65
/home/thomas/Thomas/git-thomas/PythonOpencv/python/opencv/face_recognition/train/2921.bmp;65
/home/thomas/Thomas/git-thomas/PythonOpencv/python/opencv/face_recognition/train/2922.bmp;65
/home/thomas/Thomas/git-thomas/PythonOpencv/python/opencv/face_recognition/train/2923.bmp;65
/home/thomas/Thomas/git-thomas/PythonOpencv/python/opencv/face_recognition/train/2924.bmp;65
/home/thomas/Thomas/git-thomas/PythonOpencv/python/opencv/face_recognition/train/2925.bmp;65
/home/thomas/Thomas/git-thomas/PythonOpencv/python/opencv/face_recognition/train/2941.bmp;66
/home/thomas/Thomas/git-thomas/PythonOpencv/python/opencv/face_recognition/train/2942.bmp;66
/home/thomas/Thomas/git-thomas/PythonOpencv/python/opencv/face_recognition/train/2943.bmp;66
/home/thomas/Thomas/git-thomas/PythonOpencv/python/opencv/face_recognition/train/2944.bmp;66
/home/thomas/Thomas/git-thomas/PythonOpencv/python/opencv/face_recognition/train/2945.bmp;66
/home/thomas/Thomas/git-thomas/PythonOpencv/python/opencv/face_recognition/train/2961.bmp;66
/home/thomas/Thomas/git-thomas/PythonOpencv/python/opencv/face_recognition/train/2962.bmp;66
/home/thomas/Thomas/git-thomas/PythonOpencv/python/opencv/face_recognition/train/2963.bmp;66
/home/thomas/Thomas/git-thomas/PythonOpencv/python/opencv/face_recognition/train/2964.bmp;66
/home/thomas/Thomas/git-thomas/PythonOpencv/python/opencv/face_recognition/train/2965.bmp;66
/home/thomas/Thomas/git-thomas/PythonOpencv/python/opencv/face_recognition/train/2966.bmp;66
/home/thomas/Thomas/git-thomas/PythonOpencv/python/opencv/face_recognition/train/2967.bmp;66
/home/thomas/Thomas/git-thomas/PythonOpencv/python/opencv/face_recognition/train/2968.bmp;66
/home/thomas/Thomas/git-thomas/PythonOpencv/python/opencv/face_recognition/train/2969.bmp;66
/home/thomas/Thomas/git-thomas/PythonOpencv/python/opencv/face_recognition/train/2970.bmp;66
/home/thomas/Thomas/git-thomas/PythonOpencv/python/opencv/face_recognition/train/2986.bmp;67
/home/thomas/Thomas/git-thomas/PythonOpencv/python/opencv/face_recognition/train/2987.bmp;67
/home/thomas/Thomas/git-thomas/PythonOpencv/python/opencv/face_recognition/train/2988.bmp;67
/home/thomas/Thomas/git-thomas/PythonOpencv/python/opencv/face_recognition/train/2989.bmp;67
/home/thomas/Thomas/git-thomas/PythonOpencv/python/opencv/face_recognition/train/2990.bmp;67
/home/thomas/Thomas/git-thomas/PythonOpencv/python/opencv/face_recognition/train/3006.bmp;67
/home/thomas/Thomas/git-thomas/PythonOpencv/python/opencv/face_recognition/train/3007.bmp;67
/home/thomas/Thomas/git-thomas/PythonOpencv/python/opencv/face_recognition/train/3008.bmp;67
/home/thomas/Thomas/git-thomas/PythonOpencv/python/opencv/face_recognition/train/3009.bmp;67
/home/thomas/Thomas/git-thomas/PythonOpencv/python/opencv/face_recognition/train/3010.bmp;67
/home/thomas/Thomas/git-thomas/PythonOpencv/python/opencv/face_recognition/train/3011.bmp;67
/home/thomas/Thomas/git-thomas/PythonOpencv/python/opencv/face_recognition/train/3012.bmp;67
/home/thomas/Thomas/git-thomas/PythonOpencv/python/opencv/face_recognition/train/3013.bmp;67
/home/thomas/Thomas/git-thomas/PythonOpencv/python/opencv/face_recognition/train/3014.bmp;67
/home/thomas/Thomas/git-thomas/PythonOpencv/python/opencv/face_recognition/train/3015.bmp;67
/home/thomas/Thomas/git-thomas/PythonOpencv/python/opencv/face_recognition/train/3031.bmp;68
/home/thomas/Thomas/git-thomas/PythonOpencv/python/opencv/face_recognition/train/3032.bmp;68
/home/thomas/Thomas/git-thomas/PythonOpencv/python/opencv/face_recognition/train/3033.bmp;68
/home/thomas/Thomas/git-thomas/PythonOpencv/python/opencv/face_recognition/train/3034.bmp;68
/home/thomas/Thomas/git-thomas/PythonOpencv/python/opencv/face_recognition/train/3035.bmp;68
/home/thomas/Thomas/git-thomas/PythonOpencv/python/opencv/face_recognition/train/3051.bmp;68
/home/thomas/Thomas/git-thomas/PythonOpencv/python/opencv/face_recognition/train/3052.bmp;68
/home/thomas/Thomas/git-thomas/PythonOpencv/python/opencv/face_recognition/train/3053.bmp;68
/home/thomas/Thomas/git-thomas/PythonOpencv/python/opencv/face_recognition/train/3054.bmp;68
/home/thomas/Thomas/git-thomas/PythonOpencv/python/opencv/face_recognition/train/3055.bmp;68
/home/thomas/Thomas/git-thomas/PythonOpencv/python/opencv/face_recognition/train/3056.bmp;68
/home/thomas/Thomas/git-thomas/PythonOpencv/python/opencv/face_recognition/train/3057.bmp;68
/home/thomas/Thomas/git-thomas/PythonOpencv/python/opencv/face_recognition/train/3058.bmp;68
/home/thomas/Thomas/git-thomas/PythonOpencv/python/opencv/face_recognition/train/3059.bmp;68
/home/thomas/Thomas/git-thomas/PythonOpencv/python/opencv/face_recognition/train/3060.bmp;68
